,n16S,nCell,Key,nRead,n_genomes,Country,Continent,Biome,Hemisphere,X4.6.diamidino.2.phenylindole.DAPI..Hoechst33342,AcridineOrange.EthidiumBromide,AcridineOrange.SafraninO.PyroninY.SodiumDodecylSulfate.SDS.,Acriflavine,Acriflavine.4.6.diamidino.2.phenylindole.DAPI.,Acriflavine.4.6.diamidino.2.phenylindole.DAPI..EthidiumBromide.Tetraphenylphosphonium.TPP..MethylViologen.BenzylkoniumChloride.BAC.,Acriflavine.4.6.diamidino.2.phenylindole.DAPI..EthidiumBromide.Tetraphenylphosphonium.TPP..SodiumDeoxycholate.SDC..Hoechst33342,Acriflavine.4.6.diamidino.2.phenylindole.DAPI..Hoechst33342.Rhodamine6G.Tetraphenylphosphonium.TPP..EthidiumBromide,Acriflavine.4.6.diamidino.2.phenylindole.DAPI..Hoechst33342.Tetraphenylphosphonium.TPP..MethylViologen.EthidiumBromide.Cetrimide.CTM.,Acriflavine.BenzylkoniumChloride.BAC..Chlorhexidine.EthidiumBromide,Acriflavine.Carbonylcyanide3.chlorophenylhydrazone.CCCP..CrystalViolet.MethylViologen.Plumbagin.SodiumDodecylSulfate.SDS..Tetrachlorosalicylanilide.TCS..Menadione,Acriflavine.EthidiumBromide.MethylViologen.Chlorhexidine,Acriflavine.Phenol.Triclosan.p.xylene.Cyclohexane.Pentane,Aluminium.Al.,Antimony.Sb..Arsenic.As..Glycerol,Arsenic.As.,Arsenic.As..Antimony.Sb.,Arsenic.As..Antimony.Sb..Bismuth.Bi.,Arsenic.As..Menadione,BenzylkoniumChloride.BAC.,BenzylkoniumChloride.BAC..Acriflavine.Rhodamine123.MethylViologen.4.6.diamidino.2.phenylindole.DAPI..AcridineOrange.SodiumDodecylSulfate.SDS..SodiumDeoxycholate.SDC..Synergize.Wex.cide.128,BenzylkoniumChloride.BAC..Acriflavine.Rhodamine6G.CrystalViolet.EthidiumBromide.SodiumDodecylSulfate.SDS..SodiumDeoxycholate.SDC.,BenzylkoniumChloride.BAC..Chlorhexidine,BenzylkoniumChloride.BAC..Chlorhexidine.EthidiumBromide.Rhodamine6G.Acriflavine.Tetraphenylphosphonium.TPP..Hoechst33342.SodiumDodecylSulfate.SDS..SodiumCholate.SodiumDeoxycholate.SDC..SodiumGlycocholate,BenzylkoniumChloride.BAC..Chlorhexidine.Triclosan.SodiumDodecylSulfate.SDS..Acriflavine.Rhodamine6G,BenzylkoniumChloride.BAC..CrystalViolet.Tetraphenylphosphonium.TPP..SodiumDeoxycholate.SDC..SodiumDodecylSulfate.SDS.,BenzylkoniumChloride.BAC..EthidiumBromide.Acriflavine.Rhodamine123.MethylViologen.Tetraphenylphosphonium.TPP..4.6.diamidino.2.phenylindole.DAPI..AcridineOrange.SodiumDodecylSulfate.SDS..SodiumDeoxycholate.SDC..CrystalViolet.Synergize.Wex.cide.128,BenzylkoniumChloride.BAC..EthidiumBromide.Acriflavine.Rhodamine6G,BenzylkoniumChloride.BAC..EthidiumBromide.PyroninY.Rhodamine6G.CrystalViolet.Cetrimide.CTM..CetylpyridiniumChloride.CPC..Dequalinium,Cadmium.Cd.,Cadmium.Cd..Bismuth.Bi..Zinc.Zn..Lead.Pb.,Cadmium.Cd..HydrogenPeroxide.H2O2.,Cadmium.Cd..HydrogenPeroxide.H2O2..Hydrochloricacid.HCl.,Cadmium.Cd..Mercury.Hg.,Cadmium.Cd..Mercury.Hg..Tributyltin.TBT..HydrogenPeroxide.H2O2..Hydrochloricacid.HCl.,Cadmium.Cd..Tributyltin.TBT..HydrogenPeroxide.H2O2.,Cadmium.Cd..Zinc.Zn.,Cadmium.Cd..Zinc.Zn..Cobalt.Co.,Cadmium.Cd..Zinc.Zn..Hydrochloricacid.HCl..Sodiumazide,Cadmium.Cd..Zinc.Zn..Mercury.Hg.,Cadmium.Cd..Zinc.Zn..Nickel.Ni.,Carbonylcyanide3.chlorophenylhydrazone.CCCP.,Carbonylcyanide3.chlorophenylhydrazone.CCCP..Tetrachlorosalicylanilide.TCS.,Cetrimide.CTM.,Cetrimide.CTM..Acriflavine.CrystalViolet.EthidiumBromide.Rhodamine6G.SodiumDeoxycholate.SDC..SodiumDodecylSulfate.SDS.,Cetrimide.CTM..BenzylkoniumChloride.BAC..Hoechst33342.EthidiumBromide.Rhodamine6G.Acriflavine.Tetraphenylphosphonium.TPP..Chlorhexidine.CrystalViolet.Dequalinium.Pentamidine.PyroninY,Cetrimide.CTM..CetylpyridiniumChloride.CPC..Tetraphenylphosphonium.TPP..BenzylkoniumChloride.BAC..EthidiumBromide.SodiumDodecylSulfate.SDS.,Cetyltrimethylammoniumbromide.CTAB.,Chlorhexidine,Chlorhexidine.CetylpyridiniumChloride.CPC..Dequalinium.BenzylkoniumChloride.BAC..Pentamidine.Propamidine.Diaminodiphenylamine,Chromium.Cr.,Chromium.Cr..CetylpyridiniumChloride.CPC..Dodine.2.nitroimidazole,Chromium.Cr..Dodine,Chromium.Cr..Iron.Fe..HydrogenPeroxide.H2O2..2.6.dichloroindophenol,Chromium.Cr..MethylViologen.Menadione,Chromium.Cr..Tellurium.Te..Selenium.Se.,Chromium.Cr..Vanadium.V..Molybdenum.Mo..MethyleneBlue,Cobalt.Co.,Cobalt.Co..Cadmium.Cd..Nickel.Ni.,Cobalt.Co..Magnesium.Mg.,Cobalt.Co..Nickel.Ni.,Cobalt.Co..Nickel.Ni..Iron.Fe.,Copper.Cu.,Copper.Cu..Cobalt.Co.,Copper.Cu..Cobalt.Co..SodiumChenodeoxycholate.SodiumDeoxycholate.SodiumCholate.SodiumTaurocholate.SodiumDodecylSulfate.SDS..EthidiumBromide.Acridineorange,Copper.Cu..Gold.Au.,Copper.Cu..Hydrochloricacid.HCl.,Copper.Cu..HydrogenPeroxide.H2O2.,Copper.Cu..Nickel.Ni..Zinc.Zn.,Copper.Cu..Silver.Ag.,Copper.Cu..Sodiumacetate,Copper.Cu..Zinc.Zn.,Copper.Cu..Zinc.Zn..Hydrochloricacid.HCl.,Copper.Cu..Zinc.Zn..Tungsten.W..SodiumDeoxycholate.SDC.,Cyclohexane.DiphenylEther.n.hexane,EthidiumBromide,EthidiumBromide.4.6.diamidino.2.phenylindole.DAPI..Hoechst33342.Acriflavine,EthidiumBromide.Acriflavine,EthidiumBromide.Acriflavine.PyroninY.SafraninO,EthidiumBromide.Acriflavine.SodiumDodecylSulfate.SDS..TritonX.100.Tween20.Empigen.SodiumCholate.SodiumGlycocholate.SodiumTaurocholate.SodiumDeoxycholate.SDC..SodiumChenodeoxycholate,EthidiumBromide.CrystalViolet.SodiumDodecylSulfate.SDS.,EthidiumBromide.Rhodamine6G,EthidiumBromide.Rhodamine6G.4.6.diamidino.2.phenylindole.DAPI..Tetraphenylphosphonium.TPP..AcridineOrange,EthidiumBromide.Rhodamine6G.AcridineOrange,EthidiumBromide.Rhodamine6G.Tetraphenylphosphonium.TPP..4.6.diamidino.2.phenylindole.DAPI.,EthidiumBromide.SodiumDodecylSulfate.SDS..SodiumCholate.SodiumDeoxycholate.SDC..SodiumGlycocholate.Acriflavine,Gold.Au.,HydrochloricAcid.HCl..HydrogenPeroxide.H2O2.,Hydrochloricacid.HCl.,Hydrochloricacid.HCl..Rhodamine6G.SodiumDodecylSulfate.SDS.,Hydrochloricacid.HCl..Sodiumhydroxide.NaOH.,HydrogenPeroxide.H2O2.,HydrogenPeroxide.H2O2..BenzylkoniumChloride.BAC..Chlorhexidine,HydrogenPeroxide.H2O2..Carbonylcyanide3.chlorophenylhydrazone.CCCP..BenzylkoniumChloride.BAC..Chlorhexidine.SodiumNitrite.NaNo2.,HydrogenPeroxide.H2O2..SodiumDeoxycholate.SDC..Acriflavine.Rhodamine6G.EthidiumBromide.SodiumDodecylSulfate.SDS.,Iron.Fe.,Iron.Fe..Cobalt.Co..Nickel.Ni..Gallium.Ga.,Iron.Fe..Copper.Cu..Manganese.Mn.,Iron.Fe..Gallium.Ga.,Iron.Fe..HydrogenPeroxide.H2O2.,Iron.Fe..HydrogenPeroxide.H2O2..Plumbagin,Iron.Fe..Manganese.Mn.,Iron.Fe..Nickel.Ni.,Iron.Fe..Zinc.Zn..Cobalt.Co..Cadmium.Cd..Nickel.Ni.,Lead.Pb.,Lead.Pb..Cadmium.Cd..Zinc.Zn.,Magnesium.Mg..Cobalt.Co..Nickel.Ni..Manganese.Mn.,Manganese.Mn..Cadmium.Cd.,Manganese.Mn..Iron.Fe..Cadmium.Cd..Cobalt.Co..Zinc.Zn.,Manganese.Mn..Iron.Fe..Cobalt.Co..Zinc.Zn..Nickel.Ni..Copper.Cu..Cadmium.Cd..Gallium.Ga.,Manganese.Mn..Iron.Fe..HydrogenPeroxide.H2O2.,Manganese.Mn..Magnesium.Mg.,Manganese.Mn..Magnesium.Mg..MethylViologen.HydrogenPeroxide.H2O2.,Manganese.Mn..Zinc.Zn.,Mercury.Hg.,Mercury.Hg..Fluoresceinmercuricacetate.p.chloro.mercuribenzoicacid.PhenylmercuryAcetate,Mercury.Hg..Fluoresceinmercuricacetate.p.chloro.mercuribenzoicacid.PhenylmercuryAcetate.Thimerosal.Methylmercurychloride.Ethylmercurychloride,Mercury.Hg..PhenylmercuryAcetate,Mercury.Hg..PhenylmercuryAcetate.MethylmercuryAcetate,MethylViologen,MethylViologen.Tetraphenylphosphonium.TPP..Hoechst33342.EthidiumBromide.Cetrimide.CTM..BenzylkoniumChloride.BAC..Acriflavine,Molybdenum.Mo..Tungsten.W..Vanadium.V.,Nickel.Ni.,Nickel.Ni..Cadmium.Cd..Lead.Pb.,Nickel.Ni..Cadmium.Cd..Zinc.Zn..Cobalt.Co.,Nickel.Ni..Cobalt.Co.,Nickel.Ni..Cobalt.Co..Cadmium.Cd.,Nickel.Ni..Cobalt.Co..Zinc.Zn.,Nickel.Ni..Zinc.Zn.,Palmiticacid,PhenylmercuryAcetate.Carbonylcyanide3.chlorophenylhydrazone.CCCP..Oleicacid.Linoleicacid.Palmiticacid.TritonX.100,PyroninY.SodiumDodecylSulfate.SDS..Acriflavine.BenzylkoniumChloride.BAC..Chlorhexidine.4.6.diamidino.2.phenylindole.DAPI..SodiumDeoxycholate.SDC..EthidiumBromide.MethylViologen.Tetraphenylphosphonium.TPP..Rhodamine123.Synergise.Wex.cide.128.,PyroninY.SodiumDodecylSulfate.SDS..Acriflavine.BenzylkoniumChloride.BAC..Chlorhexidine.4.6.diamidino.2.phenylindole.DAPI..SodiumDeoxycholate.SDC..EthidiumBromide.MethylViologen.Tetraphenylphosphonium.TPP..Rhodamine123.Synergize.Wex.cide.128,Rhodamine6G.Tetraphenylphosphonium.TPP..EthidiumBromide.SodiumCholate.SodiumDeoxycholate.SDC.,SafraninO.AcridineOrange.PyroninY.SodiumDodecylSulfate.SDS.,Selenium.Se..HydrogenPeroxide.H2O2.,Silver.Ag.,Silver.Ag..Mercury.Hg..Cadmium.Cd..Cyclohexane.Pentane.n.hexane.DiphenylEther,SodiumDeoxycholate.SDC.,SodiumDeoxycholate.SDC..EthidiumBromide.CrystalViolet,SodiumDeoxycholate.SDC..Hydrochloricacid.HCl.,SodiumDeoxycholate.SDC..SodiumDodecylSulfate.SDS.,SodiumDeoxycholate.SDC..SodiumDodecylSulfate.SDS..Spermidine,SodiumDodecylSulfate.SDS..Carbonylcyanide3.chlorophenylhydrazone.CCCP..Acriflavine,SodiumDodecylSulfate.SDS..EthidiumBromide,SodiumDodecylSulfate.SDS..EthidiumBromide.SafraninO.AcridineOrange,SodiumDodecylSulfate.SDS..EthidiumBromide.n.hexane.Chlorhexidine.BenzylkoniumChloride.BAC.,SodiumDodecylSulfate.SDS..SodiumCholate.SodiumDeoxycholate.SDC..SodiumGlycocholate,SodiumDodecylSulfate.SDS..SodiumCholate.SodiumDeoxycholate.SDC..SodiumGlycocholate.EthidiumBromide.BenzylkoniumChloride.BAC..Chlorhexidine,SodiumDodecylSulfate.SDS..SodiumCholate.SodiumDeoxycholate.SDC..SodiumGlycocholate.EthidiumBromide.BenzylkoniumChloride.BAC..Chlorhexidine.Acriflavine.Tetraphenylphosphonium.TPP.,SodiumDodecylSulfate.SDS..SodiumDeoxycholate.SDC.,SodiumDodecylSulfate.SDS..SodiumDeoxycholate.SDC..BenzylkoniumChloride.BAC..Chlorhexidine.Triclosan.MethylViologen.HydrogenPeroxide.H2O2.,SodiumDodecylSulfate.SDS..TritonX.100,SodiumGlycocholate.SodiumTaurocholate.SodiumDeoxycholate.SDC..SodiumCholate.SodiumDodecylSulfate.SDS.,SodiumGlycocholate.SodiumTaurocholate.SodiumDeoxycholate.SDC..SodiumCholate.SodiumDodecylSulfate.SDS..Rhodamine6G.BenzylkoniumChloride.BAC..Chlorhexidine.EthidiumBromide.Acriflavine.Tetraphenylphosphonium.TPP..Hoechst33342,SodiumGlycocholate.Sodiumacetate,Sodiumacetate,Spermidine,Spermidine.Spermine,Tellurium.Te.,Tellurium.Te..Copper.Cu.,Tellurium.Te..Proflavin,Tellurium.Te..Proflavin.Tetraphenylphosphonium.TPP..EthidiumBromide.CrystalViolet.Dequalinium.MethylViologen,Tetraphenylphosphonium.TPP..Acriflavine.EthidiumBromide.SafraninO.PyroninY,Tetraphenylphosphonium.TPP..EthidiumBromide.Rhodamine6G.SodiumDodecylSulfate.SDS.,Toluene.Styrene,Toluene.Styrene.m.xylene.Ethylbenzene.Propylbenzene,Toluene.n.hexane,Tributyltin.TBT..n.hexane,Triclosan,Triclosan.Acriflavine.Rhodamine6G.CrystalViolet.EthidiumBromide.Proflavin.SodiumDodecylSulfate.SDS.,Triclosan.n.hexane.p.xylene,TritonX.100,TritonX.100.CrystalViolet,TritonX.100.SodiumCholate.SodiumDeoxycholate.SDC.,Tungsten.W.,Tungsten.W..Molybdenum.Mo.,Vanadium.V..Triclosan,Zinc.Zn.,Zinc.Zn..Cadmium.Cd.,Zinc.Zn..Cyclohexane,Zinc.Zn..Iron.Fe..Cobalt.Co..Nickel.Ni..Copper.Cu..Cadmium.Cd.,Zinc.Zn..Lead.Pb.,Zinc.Zn..Manganese.Mn..Iron.Fe.,Zinc.Zn..Tellurium.Te.,Zinc.Zn..Tungsten.W..SodiumDeoxycholate.SDC.,aminoglycoside,bacitracin,beta_lactam,bicyclomycin,bleomycin,chloramphenicol,defensin,factumycin,florfenicol,fosfomycin,fusidic_acid,macrolide.lincosamide.streptogramin,multidrug,mupirocin,n.hexane,n.hexane.Toluene.Dimethylphthalate,n.hexane.Toluene.Dimethylphthalate.Styrene.m.xylene.Ethylbenzene.Propylbenzene,novobiocin,other_peptide_antibiotics,pleuromutilin_tiamulin,polymyxin,puromycin,quinolone,rifamycin,streptothricin,sulfonamide,tetracenomycin_C,tetracycline,trimethoprim,tunicamycin,vancomycin,Shannon_Diversity,Simpson_Diversity
1,980.4280408,415.5709671,5542,4746865,19,United States,North America,Marine,Northern and Western,0,0,0,0,0,0,0,0,0,0,0,0,1.65E-10,0,0,1.09E-09,0,0,0,1.73E-10,0,0,0,0,0,0,0,0,0,0,0,0,0,0,0,0,0,2.87E-10,1.92E-09,0,0,0,0,0,0,0,0,0,3.68E-10,0,1.42E-09,1.29E-09,0,0,1.01E-10,4.24E-09,0,0,0,0,1.58E-11,0,1.54E-09,0,0,1.83E-09,0,0,0,6.42E-11,9.58E-11,5.82E-12,0,0,0,0,0,4.83E-11,0,0,0,0,2.81E-10,0,2.23E-09,7.30E-12,0,0,2.53E-11,0,3.28E-09,1.73E-10,0,0,0,4.21E-09,0,0,0,0,0,2.79E-11,0,0,9.01E-11,0,0,0,0,0,2.23E-09,0,0,0,8.88E-09,0,0,1.88E-11,0,0,0,3.03E-11,0,0,0,0,2.69E-11,3.41E-10,0,0,0,1.42E-11,0,0,0,3.68E-10,2.33E-10,0,5.53E-12,0,0,0,0,0,0,0,7.67E-10,0,0,0,0,0,0,0,0,0,0,0,0,0,0,0,0,0,0,0,0,1.05E-11,0,2.08E-10,0,0,4.21E-12,0,7.36E-11,0,6.85E-11,0,6.47E-12,1.23E-10,0,0,0,0,0,0,0,1.80E-10,1.57E-11,0,0,0,0,0,0,0,0,0,5.70E-10,5.06E-11,0,0,8.58E-11,0,0,0,1.53E-09,0,0,0,0,7.69E-10,0,2.53E-11,0,0,0,3.12009391,0.932993885
2,583.2307684,338.5415514,5692,6306408,98,United States,North America,Estuary,Northern and Western,6.82E-05,0,0,0,0,0,0,0,0,0,0,0,3.13E-11,0,0,2.64E-09,2.26E-10,0,3.53E-11,4.29E-11,0,0,0,0,0,0,0,0,0,0,1.09E-10,0,0,0,0,0,0,1.26E-10,3.42E-10,0,0,0,0,0,0,0,0,0,0,0,2.04E-09,4.03E-10,0,0,2.49E-10,2.69E-09,0,0,0,9.42E-12,5.95E-11,0,4.06E-09,0,0,2.94E-10,0,0,0,3.00E-10,9.17E-11,0,0,3.32E-11,0,0,0,0,0,0,0,0,1.74E-10,0,5.47E-10,0,0,0,0,0,5.27E-10,4.29E-11,5.66E-11,0,1.22E-10,2.91E-09,0,0,0,7.52E-11,0,1.77E-10,4.48E-11,0,2.02E-10,3.61E-11,0,0,3.63E-11,0,1.72E-10,5.53E-11,0,0,4.18E-09,0,0,0,0,8.93E-11,0,0,2.60E-10,0,6.56E-11,0,0,7.43E-10,0,0,0,2.20E-11,0,0,2.81E-10,0,5.01E-11,0,0,0,1.93E-10,0,0,0,0,0,0,0,0,0,0,0,0,0,1.81E-10,7.34E-11,0,0,0,0,0,0,0,0,0,0,0,2.27E-11,0,4.08E-10,0,0,3.35E-11,0,0,0,0,1.64E-11,8.30E-11,4.77E-11,0,0,0,0,2.09E-11,0,2.49E-10,1.89E-09,3.74E-09,0,0,0,0,0,0,0,0,7.17E-11,7.43E-10,2.69E-11,0,0,1.22E-11,1.19E-11,3.17E-11,0,4.10E-10,0,0,0,0,0,0,8.56E-11,0,0,0,3.446093982,0.944875592
3,23272.1394,12799.84906,11978,199790265,11,Canada,North America,Freshwater,Northern and Western,1.48E-05,0,0.000110045,8.67E-05,6.80E-14,8.38E-14,0,0,0,1.93E-14,7.52E-14,0,2.24E-12,3.22E-12,1.23E-13,1.59E-10,5.17E-11,0,8.11E-12,3.49E-12,0,8.96E-14,1.21E-14,0,1.71E-14,0,0,0,0,3.79E-13,0,0,0,0,0,0,2.45E-13,1.91E-10,1.99E-12,0,3.66E-14,0,9.42E-14,0,0,5.44E-13,9.33E-14,2.39E-13,1.19E-12,0,8.86E-11,1.02E-11,0,2.73E-13,1.10E-11,9.40E-11,1.33E-13,1.87E-13,3.56E-12,1.10E-11,4.32E-11,7.60E-14,7.23E-10,0,2.12E-14,1.43E-11,0,0,0,2.60E-11,3.86E-12,8.10E-13,0,1.45E-13,0,1.94E-12,0,3.22E-13,0,0,1.18E-12,1.09E-14,8.18E-12,0,1.16E-11,4.59E-15,3.72E-12,0,2.22E-13,0,1.25E-11,3.63E-12,1.79E-13,0,0,8.92E-12,0,0,5.69E-14,8.91E-12,6.47E-13,5.13E-13,5.20E-14,0,8.37E-11,1.59E-14,5.35E-14,0,0,1.22E-13,2.97E-12,0,0,1.57E-13,3.97E-10,0,0,3.78E-11,1.77E-12,1.16E-13,0,7.08E-13,1.37E-11,0,8.63E-13,0,1.33E-11,6.36E-11,1.51E-12,0,1.57E-14,2.00E-12,0,8.85E-14,0,1.21E-12,3.40E-11,0,1.21E-12,1.15E-12,5.43E-12,4.13E-14,0,0,0,4.28E-14,2.89E-13,0,0,0,2.28E-13,0,1.22E-14,6.65E-15,1.39E-14,1.37E-11,0,0,0,6.11E-12,5.04E-14,0,0,0,0,1.12E-14,1.24E-14,4.64E-13,2.21E-13,1.66E-12,0,4.29E-12,2.77E-13,0,0,1.76E-13,4.24E-13,3.07E-13,5.79E-12,4.23E-11,0,0,1.32E-14,1.24E-13,1.19E-14,1.85E-13,1.50E-12,1.54E-10,2.76E-12,1.24E-14,0,2.34E-13,0,0,4.35E-14,1.25E-13,0,1.16E-12,3.44E-12,2.37E-13,0,4.02E-13,7.31E-13,3.28E-13,0,5.35E-13,1.94E-11,0,3.05E-13,1.37E-12,0,4.07E-12,0,9.63E-13,3.31E-13,0,1.69E-14,3.734926124,0.956173663
4,1421.674624,1465.790771,12755,39026371,6,Saudi Arabia,Asia,Freshwater,Northern and Eastern,0,0,2.51E-05,0,0,0,0,0,0,0,0,0,4.31E-12,0,0,2.34E-09,3.67E-10,0,3.52E-11,7.66E-11,0,8.00E-13,0,0,0,0,0,0,0,0,0,0,0,0,0,0,0,2.09E-10,3.81E-10,0,9.54E-13,0,1.74E-12,0,0,1.40E-12,0,5.43E-12,1.95E-11,0,1.11E-09,3.33E-10,0,1.65E-11,2.53E-10,1.18E-09,2.39E-12,6.26E-12,9.92E-12,5.69E-12,5.54E-11,3.34E-12,1.66E-09,0,3.12E-12,7.14E-12,0,0,0,2.15E-10,8.67E-12,3.29E-12,0,0,0,7.94E-12,0,1.76E-12,0,0,8.11E-12,8.45E-13,1.60E-10,0,2.25E-10,1.28E-12,0,0,7.87E-12,0,1.31E-10,7.66E-11,3.49E-12,0,0,4.26E-10,0,0,5.48E-12,3.46E-10,0,2.57E-10,8.00E-12,0,1.45E-10,0,6.98E-12,0,0,0,2.57E-11,0,0,0,4.49E-10,3.78E-12,0,2.26E-11,3.00E-11,0,0,0,1.54E-11,0,6.22E-12,0,1.98E-11,1.71E-10,0,0,0,2.20E-12,0,0,0,3.59E-11,7.74E-10,0,3.37E-11,1.08E-10,4.87E-11,0,0,0,0,0,9.88E-12,4.19E-13,0,0,5.77E-13,0,5.21E-13,6.72E-12,1.88E-12,9.20E-10,0,0,0,1.78E-10,0,0,0,0,0,0,0,7.71E-13,0,1.37E-10,0,0,2.34E-12,0,6.08E-13,0,2.44E-11,4.48E-11,1.26E-10,2.26E-10,0,0,0,6.37E-12,0,3.15E-12,1.48E-11,9.53E-10,2.23E-11,0,0,9.36E-12,0,0,0,4.06E-12,0,4.99E-12,9.30E-11,1.31E-11,0,9.44E-13,1.77E-12,2.69E-11,0,6.34E-12,5.39E-11,0,3.02E-11,2.23E-11,0,4.68E-11,0,3.11E-11,1.64E-10,0,1.61E-12,3.810818636,0.961084935
5,36931.8692,18184.47983,12943,866549207,62,United States,North America,Freshwater,Northern and Western,0.000729763,4.01E-07,0.001321639,0.000650668,7.72E-14,9.60E-14,3.90E-15,0,4.80E-14,5.18E-15,2.09E-13,5.89E-14,1.38E-12,4.96E-13,7.17E-13,8.46E-11,2.52E-11,7.62E-13,1.22E-11,2.53E-11,1.39E-14,2.71E-13,5.95E-13,2.63E-15,3.24E-14,2.12E-15,1.46E-15,1.41E-13,4.38E-11,6.90E-13,3.74E-14,1.88E-13,1.81E-13,1.74E-13,6.81E-15,3.77E-13,7.75E-13,2.98E-11,9.14E-12,4.18E-13,2.05E-13,2.94E-13,9.60E-13,1.76E-12,1.16E-14,1.60E-12,1.34E-12,7.06E-13,1.18E-11,0,7.79E-11,3.64E-11,1.02E-12,2.48E-12,9.01E-12,6.37E-11,5.69E-13,4.27E-13,1.43E-12,6.30E-12,1.82E-11,6.36E-13,1.76E-10,1.93E-13,2.12E-13,5.30E-12,1.44E-12,1.45E-13,1.60E-13,3.07E-11,2.84E-12,8.62E-13,7.03E-14,2.98E-13,4.71E-13,1.07E-12,3.87E-15,4.78E-13,0,6.39E-15,1.58E-12,7.42E-14,9.68E-12,0,9.20E-12,4.31E-13,1.28E-12,6.70E-14,2.75E-12,1.82E-13,1.47E-11,2.61E-11,5.18E-12,3.53E-13,8.85E-13,3.12E-11,1.26E-14,3.30E-15,6.68E-13,3.19E-11,6.53E-12,3.85E-12,5.02E-13,3.03E-13,2.14E-11,1.21E-12,1.65E-12,1.37E-15,6.14E-13,3.01E-14,4.02E-12,4.34E-13,2.59E-13,1.53E-12,6.54E-10,1.58E-13,0,5.89E-11,4.76E-12,1.49E-12,5.52E-14,3.59E-13,7.20E-12,1.33E-13,1.95E-12,5.89E-12,4.52E-12,1.81E-11,4.71E-12,1.48E-13,2.60E-13,2.50E-13,1.87E-14,2.35E-13,9.78E-14,1.28E-11,4.75E-11,3.33E-13,6.37E-12,3.07E-12,4.94E-12,5.31E-13,8.34E-14,3.19E-14,2.16E-15,3.91E-13,6.42E-13,6.21E-14,7.38E-14,1.92E-13,5.65E-13,2.59E-13,1.02E-12,7.07E-14,7.52E-13,1.28E-11,4.13E-13,9.47E-14,0,6.41E-12,1.26E-13,2.35E-13,1.78E-13,4.67E-13,0,7.64E-14,1.87E-14,3.23E-13,1.55E-13,1.50E-11,1.06E-12,8.53E-13,5.73E-13,1.68E-13,1.87E-13,3.25E-13,6.17E-12,5.58E-13,1.29E-11,1.50E-11,2.99E-13,3.54E-13,1.21E-13,1.60E-12,1.01E-12,6.12E-13,9.15E-11,7.60E-11,3.11E-11,8.93E-15,3.00E-13,1.81E-12,5.96E-15,5.22E-15,3.63E-13,1.20E-12,0,1.44E-11,5.82E-11,2.37E-12,3.94E-13,4.61E-13,1.21E-12,2.25E-12,6.54E-13,1.28E-13,1.96E-11,3.05E-15,3.33E-12,8.97E-12,4.53E-14,1.22E-10,1.11E-15,1.79E-11,8.66E-12,0,4.75E-13,4.588354725,0.977106637
6,5495.352596,2711.012147,12991,103424842,11,United States,North America,Freshwater,Northern and Western,0.001472407,9.75E-06,0.000704929,0.000644621,0,2.23E-13,0,0,7.27E-14,0,5.12E-12,0,9.13E-12,1.41E-12,9.48E-12,8.31E-10,7.12E-11,1.31E-12,3.23E-11,1.65E-10,4.28E-13,1.18E-12,5.42E-12,0,2.78E-13,0,4.84E-13,5.34E-12,3.03E-11,1.61E-11,0,1.48E-12,1.82E-12,1.33E-12,0,6.54E-13,6.34E-12,1.10E-10,5.15E-11,4.94E-12,1.06E-12,6.95E-12,9.45E-12,1.34E-12,9.90E-14,9.79E-12,3.60E-12,6.67E-12,7.27E-11,0,5.42E-10,2.39E-10,7.08E-13,1.34E-11,1.27E-10,4.25E-10,3.91E-12,4.15E-12,1.49E-11,3.54E-11,5.78E-11,2.91E-12,1.74E-09,3.82E-13,8.69E-13,3.12E-11,8.80E-12,2.07E-12,0,1.30E-10,1.96E-11,1.04E-11,1.18E-12,4.91E-12,5.84E-12,5.86E-12,0,3.15E-12,0,0,5.26E-12,4.69E-13,3.08E-11,2.72E-13,6.26E-11,2.59E-12,6.21E-12,3.54E-13,1.12E-11,3.10E-13,8.66E-11,1.74E-10,4.69E-11,6.72E-12,7.48E-12,2.23E-10,0,0,8.24E-12,1.85E-10,2.73E-11,3.00E-11,2.31E-12,3.18E-12,1.06E-10,5.99E-12,1.77E-11,0,9.40E-12,6.35E-13,3.62E-11,7.64E-12,2.30E-12,2.41E-12,1.42E-10,0,0,1.48E-11,2.11E-12,6.43E-12,4.84E-13,1.22E-11,1.94E-11,0,1.13E-12,5.00E-12,1.51E-11,5.52E-11,1.29E-12,0,8.03E-13,3.60E-12,3.14E-13,2.41E-12,3.75E-13,8.72E-11,1.20E-10,7.87E-12,1.72E-11,1.32E-11,2.22E-11,1.97E-12,3.90E-13,3.47E-12,2.54E-13,0,8.41E-12,1.42E-13,1.41E-13,1.78E-13,6.84E-12,2.83E-12,2.62E-12,1.23E-12,1.80E-12,8.35E-11,6.67E-12,9.43E-13,0,4.26E-11,3.18E-12,1.93E-12,1.37E-13,0,0,3.79E-13,0,3.72E-12,3.45E-13,7.78E-11,1.04E-12,5.41E-12,2.93E-12,1.75E-13,4.24E-13,1.13E-11,2.52E-11,8.27E-12,1.01E-10,4.90E-11,2.23E-12,3.74E-12,1.67E-13,6.43E-12,8.87E-12,6.27E-12,3.12E-11,6.67E-10,6.84E-11,0,1.23E-12,6.03E-12,5.13E-14,2.30E-13,8.97E-14,6.05E-12,0,2.95E-11,1.78E-10,1.82E-11,7.17E-12,2.03E-12,1.66E-11,2.33E-11,5.14E-12,2.54E-12,1.07E-10,7.07E-14,7.89E-12,3.96E-11,0,5.05E-11,0,4.16E-11,1.61E-11,0,4.46E-12,4.509580791,0.972180818
7,105.9868856,699.3193638,13279,62977345,6,South Korea,Asia,Freshwater,Northern and Eastern,0,0,0,0.000594342,0,0,0,0,0,0,0,0,0,0,0,8.12E-10,4.50E-11,0,0,6.83E-11,0,0,0,0,0,0,0,0,0,0,0,0,0,0,0,0,0,0,1.04E-10,1.80E-11,0,0,0,0,0,0,0,8.28E-11,0,1.60E-10,2.60E-10,1.29E-11,0,0,1.47E-10,3.50E-10,0,0,0,0,0,0,2.40E-10,0,0,0,0,0,0,2.32E-11,0,0,0,0,0,0,0,0,0,0,0,0,9.81E-11,0,1.63E-11,0,0,0,0,0,3.75E-11,4.14E-10,1.61E-11,0,0,1.08E-09,0,0,2.32E-11,0,0,2.24E-11,0,0,2.61E-11,0,0,0,0,0,0,0,0,0,0,0,0,0,0,0,0,0,0,0,0,0,0,3.04E-11,4.20E-11,0,0,0,0,0,0,0,5.25E-11,0,2.34E-11,7.13E-12,4.40E-11,0,0,0,0,0,3.36E-11,0,0,0,0,0,0,0,0,0,0,0,0,0,0,0,0,0,0,0,0,0,0,6.48E-11,0,0,0,0,0,0,0,0,2.22E-11,0,0,0,0,0,0,0,9.28E-11,5.32E-10,3.57E-09,0,0,0,0,0,0,0,5.88E-11,1.27E-10,1.73E-10,0,0,0,0,0,0,0,0,0,5.00E-11,2.77E-12,0,0,0,1.11E-10,0,0,0,3.584384882,0.95665698
8,460.5664819,246.490353,13753,6048466,2,Brazil,South America,Freshwater,Southern and Western,0,0,0.000194281,0.000436187,0,0,0,1.65E-10,0,0,0,0,7.55E-11,0,1.29E-10,1.16E-09,2.08E-09,0,9.95E-09,1.98E-10,0,0,0,0,0,0,0,7.97E-11,0,0,0,0,0,0,0,0,0,1.20E-10,0,0,0,0,0,0,0,0,0,0,0,0,4.54E-10,2.26E-10,0,0,0,5.82E-10,0,9.98E-10,0,2.37E-11,5.97E-11,0,2.28E-09,0,0,2.09E-11,0,0,0,1.25E-10,0,1.68E-11,0,0,0,2.82E-10,0,0,0,0,0,0,4.66E-11,0,3.04E-10,0,0,0,2.25E-10,0,2.09E-10,1.98E-10,5.41E-11,0,1.22E-10,3.71E-10,0,0,5.56E-11,9.03E-10,0,0,0,0,2.52E-10,0,0,0,8.80E-11,0,0,0,0,0,8.22E-10,0,0,7.70E-11,0,1.52E-10,0,2.40E-11,1.96E-10,0,0,0,0,1.97E-11,0,0,0,0,0,0,0,0,1.92E-10,0,3.91E-11,0,0,4.99E-11,0,0,0,0,0,0,0,0,8.59E-11,0,2.70E-10,0,0,2.18E-10,0,0,0,3.89E-11,0,0,0,0,2.18E-10,0,0,0,0,0,0,0,2.14E-11,0,0,0,2.90E-10,0,2.52E-10,2.83E-11,0,1.67E-10,0,0,8.01E-11,0,2.49E-10,6.63E-10,6.65E-10,0,0,1.10E-10,0,0,1.00E-10,0,0,1.25E-10,2.07E-10,0,2.18E-10,0,0,0,7.73E-11,2.39E-11,4.27E-10,0,0,0,0,1.43E-10,0,0,0,0,0,3.262135207,0.861884622
9,8216.017658,5536.758931,14283,116294542,16,United States,North America,Freshwater,Northern and Western,0,0,0,0,2.12E-12,0,0,0,0,0,0,0,2.01E-13,0,0,5.55E-11,1.27E-10,0,8.28E-12,2.21E-11,0,0,0,0,0,0,0,0,3.14E-11,0,0,0,0,0,0,0,0,7.79E-13,7.25E-12,0,0,0,0,0,0,3.02E-14,0,3.63E-12,2.37E-12,0,1.04E-11,2.42E-11,0,0,4.40E-13,1.05E-10,0,2.03E-13,0,6.89E-13,9.29E-13,0,2.29E-11,4.12E-13,0,4.98E-12,0,0,0,1.83E-11,1.75E-12,3.68E-14,0,0,0,1.99E-13,0,0,0,0,1.03E-12,0,4.45E-12,0,6.73E-12,0,0,0,4.60E-14,0,1.71E-11,2.21E-11,0,0,0,4.03E-11,0,0,4.27E-13,5.00E-12,0,5.82E-14,2.23E-14,0,4.80E-13,0,9.91E-13,0,0,0,0,0,0,2.36E-14,1.09E-10,0,0,1.45E-11,6.13E-13,0,0,5.11E-12,0,0,0,0,2.15E-13,9.55E-13,0,0,0,0,0,0,0,2.57E-12,1.35E-12,0,0,7.26E-14,6.59E-13,0,0,0,0,0,9.12E-14,0,0,0,0,0,0,0,0,1.06E-12,0,0,0,2.83E-13,0,0,0,0,0,0,0,0,0,4.07E-12,0,0,1.17E-12,0,0,0,5.34E-14,3.31E-13,6.49E-13,5.48E-13,0,0,0,7.90E-13,3.57E-14,0,1.20E-12,3.20E-11,1.63E-12,0,0,2.22E-12,0,0,0,0,0,6.60E-12,5.00E-12,5.04E-13,0,0,2.63E-14,4.36E-13,0,1.14E-13,1.00E-11,0,7.88E-12,7.78E-14,0,1.71E-12,0,5.65E-12,0,0,0,3.148478448,0.914629742
10,4290.85445,3263.895193,14860,47992171,12,Greece,Europe,Freshwater,Northern and Eastern,3.56E-05,0,1.28E-05,0,0,0,0,0,0,0,0,0,1.09E-11,0,0,3.30E-10,5.37E-11,0,7.91E-12,2.56E-11,0,0,0,0,0,0,0,0,0,0,0,0,0,0,0,0,5.48E-12,4.45E-12,2.02E-11,0,1.12E-13,0,0,0,0,0,0,0,6.71E-13,0,4.04E-11,3.17E-11,0,3.82E-12,4.86E-12,7.92E-11,6.99E-13,2.11E-12,0,1.05E-12,3.22E-12,0,2.17E-10,0,0,9.17E-12,0,0,0,1.53E-11,2.78E-12,1.28E-12,0,0,0,8.55E-13,0,0,0,0,0,2.11E-13,1.03E-11,0,1.75E-11,4.41E-13,0,0,3.62E-13,0,2.63E-11,2.56E-11,5.07E-12,0,0,3.89E-11,0,0,1.26E-12,7.32E-12,0,3.54E-11,1.01E-13,0,2.64E-12,0,5.50E-13,0,3.05E-13,0,1.77E-11,0,0,1.23E-12,3.65E-12,0,0,3.27E-12,0,0,0,0,5.81E-13,0,0,0,5.23E-13,6.93E-12,5.15E-12,0,0,0,0,0,0,8.99E-13,3.29E-11,0,9.02E-13,1.46E-12,1.60E-12,6.56E-13,0,0,0,0,0,0,0,3.97E-13,1.67E-13,0,6.74E-13,0,3.02E-13,1.80E-12,0,0,0,0,0,0,0,0,0,0,0,0,0,8.56E-12,0,0,0,0,0,1.73E-13,5.92E-12,8.26E-12,7.60E-12,1.80E-12,0,0,0,4.48E-12,0,2.27E-12,0,2.87E-11,5.32E-13,0,0,0,0,0,0,0,0,1.57E-12,1.57E-11,2.63E-12,9.42E-13,1.24E-12,2.74E-12,8.93E-12,0,0,6.04E-11,0,9.08E-13,1.39E-11,0,3.43E-12,0,5.93E-12,0,0,6.37E-12,3.670980539,0.939094031
11,47187.65839,18607.43567,15454,998115891,136,United States,North America,Freshwater,Northern and Western,0.025522184,9.14E-05,0.007488922,0.020391859,0,3.48E-12,0,0,2.05E-12,9.22E-14,1.31E-12,3.00E-12,1.36E-11,4.93E-13,1.97E-11,1.70E-10,2.17E-11,2.28E-12,2.29E-12,2.43E-11,2.71E-12,7.47E-13,2.71E-11,0,3.48E-12,2.16E-14,2.35E-12,7.35E-12,6.66E-14,5.62E-13,0,5.91E-12,5.49E-12,6.21E-12,0,7.23E-12,7.76E-12,7.19E-12,1.34E-11,1.20E-11,3.89E-14,1.90E-11,1.31E-11,1.68E-13,2.27E-13,4.32E-12,9.34E-12,4.34E-13,3.34E-11,0,4.72E-11,2.76E-11,9.34E-13,3.65E-12,1.41E-12,4.72E-11,1.54E-11,1.61E-13,6.13E-13,7.73E-11,1.10E-11,1.30E-11,1.33E-10,0,1.96E-14,3.21E-12,1.29E-12,6.75E-12,0,2.92E-11,1.66E-12,9.53E-12,1.69E-13,1.09E-11,2.37E-11,3.56E-12,5.84E-15,3.74E-12,0,0,3.73E-12,5.75E-16,4.71E-12,1.23E-14,1.49E-11,1.13E-13,4.21E-13,7.40E-13,3.11E-11,2.25E-15,3.13E-11,5.31E-11,4.37E-11,1.52E-11,2.63E-11,7.00E-11,3.84E-13,2.44E-15,1.95E-12,3.25E-11,1.97E-11,1.91E-11,4.06E-12,8.23E-12,4.23E-12,1.07E-11,2.42E-11,0,1.78E-11,2.93E-13,2.69E-11,1.32E-11,1.14E-11,9.01E-12,2.48E-13,0,0,6.97E-16,0,2.63E-11,3.78E-12,0,3.93E-11,5.89E-14,8.57E-13,1.11E-11,9.41E-13,1.38E-12,1.06E-14,4.74E-14,1.54E-12,3.91E-12,3.34E-12,3.34E-12,1.25E-12,4.71E-11,1.93E-11,1.26E-11,3.79E-11,2.48E-12,2.01E-11,5.05E-13,4.05E-12,1.55E-12,3.12E-12,1.83E-12,4.83E-12,1.21E-14,6.80E-14,6.20E-15,9.20E-12,9.96E-12,1.71E-13,1.71E-13,3.02E-13,3.01E-11,1.92E-11,5.07E-12,0,3.66E-11,1.63E-15,7.94E-12,3.84E-12,0,3.01E-14,3.20E-13,7.32E-14,5.53E-13,2.98E-13,2.85E-11,1.18E-12,8.52E-13,9.97E-13,3.44E-14,2.46E-14,1.78E-13,5.22E-11,5.38E-12,1.19E-10,4.30E-12,1.31E-11,8.98E-12,1.71E-12,1.30E-13,2.20E-11,1.72E-11,1.18E-11,6.77E-11,7.59E-11,3.23E-14,0,8.32E-12,1.70E-13,0,3.80E-13,1.01E-11,0,4.68E-12,1.45E-10,6.50E-12,1.28E-11,5.03E-13,1.93E-12,4.21E-12,1.74E-11,7.52E-13,5.19E-11,1.14E-15,6.86E-12,2.00E-11,6.02E-14,5.61E-12,0,4.30E-11,2.26E-12,4.28E-14,5.67E-13,5.425300597,0.993095114
12,2822.631353,2626.656856,16829,46051052,3,Brazil,South America,Freshwater,Southern and Western,0.000792637,0,0.001413625,0.000820716,0,0,0,0,6.46E-12,0,1.32E-11,0,4.38E-11,5.79E-12,1.98E-11,1.48E-09,1.20E-10,0,7.26E-11,9.62E-11,9.24E-12,3.91E-12,2.33E-11,0,0,0,0,5.35E-12,7.48E-11,1.12E-11,0,1.41E-11,0,0,0,0,5.34E-12,9.25E-10,7.59E-11,1.45E-11,9.27E-13,1.67E-11,1.35E-11,1.31E-11,0,1.61E-11,1.05E-11,3.47E-12,3.41E-11,0,4.81E-10,2.13E-10,1.41E-11,3.68E-11,1.90E-10,4.30E-10,2.57E-11,7.83E-12,6.27E-12,1.34E-10,1.99E-10,1.68E-11,3.23E-09,0,1.66E-13,1.59E-10,1.16E-11,5.95E-12,0,2.48E-10,9.00E-11,2.26E-11,0,7.26E-12,4.72E-12,1.11E-11,0,4.46E-12,0,0,6.52E-11,0,7.28E-11,0,1.01E-10,0,2.18E-12,0,2.35E-11,0,8.76E-11,1.36E-10,5.24E-11,2.40E-11,1.53E-11,3.94E-10,3.58E-12,0,3.46E-12,6.91E-11,1.26E-10,1.59E-11,1.67E-12,9.39E-13,1.79E-10,1.31E-11,1.41E-11,0,3.32E-11,6.01E-12,4.29E-11,2.81E-12,6.77E-12,8.47E-12,2.82E-09,0,0,6.90E-10,1.12E-10,1.71E-11,4.97E-12,5.57E-11,1.39E-10,0,2.19E-11,1.47E-10,1.52E-10,5.17E-10,0,0,0,1.19E-11,1.01E-11,2.85E-12,0,4.77E-11,4.18E-10,0,6.87E-11,2.46E-11,3.22E-11,3.59E-12,0,4.02E-12,0,0,1.87E-11,0,3.89E-13,7.79E-13,1.74E-11,6.29E-12,0,0,0,1.28E-10,1.71E-11,0,0,5.87E-11,0,1.85E-12,7.43E-12,0,0,7.38E-13,0,9.26E-12,1.23E-12,6.65E-11,1.50E-11,3.13E-11,3.79E-12,0,0,3.17E-12,1.06E-10,2.54E-11,1.23E-10,1.32E-10,1.08E-11,1.36E-11,2.90E-12,8.09E-13,1.91E-11,9.41E-12,2.87E-10,5.97E-10,2.93E-10,6.34E-13,0,1.21E-11,0,0,4.92E-10,2.26E-11,0,8.25E-10,4.84E-10,6.42E-12,8.28E-12,2.62E-12,2.63E-11,2.37E-11,2.60E-11,2.72E-12,1.74E-10,0,2.69E-11,3.34E-10,0,1.15E-09,0,1.34E-09,2.47E-12,0,2.52E-12,4.772033952,0.98353186
13,11.67695504,7.339254733,17340,413561,1,Cape Verde,Africa,Freshwater,Southern and Eastern,0,0,0,0,0,0,0,0,0,0,0,0,2.72E-08,0,0,0,0,0,0,0,0,0,0,0,0,0,0,0,0,0,0,0,0,0,0,0,0,0,0,0,0,0,0,0,0,0,0,0,0,0,0,0,0,0,0,0,0,0,0,0,0,0,5.60E-08,0,0,0,0,0,0,0,0,0,0,0,0,0,0,0,0,0,0,0,0,0,0,0,0,0,0,0,0,0,0,0,0,2.28E-08,0,0,0,0,0,0,0,0,0,0,0,0,0,0,0,0,0,0,0,0,0,0,0,0,0,0,0,0,0,0,0,0,0,0,0,0,0,0,0,0,0,0,0,0,0,0,0,0,0,0,0,0,0,0,0,0,0,0,0,0,0,0,0,0,0,0,0,0,0,0,0,0,0,0,0,0,0,0,0,0,0,0,0,0,0,0,0,0,0,0,0,0,0,0,0,0,0,0,0,0,0,0,0,0,0,0,0,0,0,0,8.38E-08,0,0,0,0,0,0,0,0,0,0,1.254435391,0.683197015
14,2256.297633,692.2255424,18097,14761420,34,United States,North America,Marine,Northern and Western,0,0,0.001740319,0,0,0,0,0,0,0,0,0,1.02E-10,0,2.86E-11,8.82E-10,0,0,4.46E-11,3.31E-11,0,7.59E-12,0,0,0,0,0,0,0,0,0,0,0,0,0,0,0,1.11E-10,8.91E-11,0,0,0,0,0,0,0,0,0,7.02E-11,0,4.36E-10,1.04E-09,0,0,0,2.46E-09,0,0,0,9.44E-11,2.01E-11,0,3.46E-10,0,0,2.83E-11,0,0,0,3.14E-11,5.47E-11,1.79E-10,0,0,0,6.08E-12,3.16E-12,0,0,0,5.93E-12,1.36E-12,6.35E-10,0,4.86E-10,1.54E-12,0,0,2.90E-12,0,2.18E-09,3.31E-11,2.95E-12,0,0,1.52E-10,0,0,1.39E-12,4.67E-11,0,1.05E-11,0,0,0,2.73E-12,0,0,0,0,8.00E-10,0,0,0,1.59E-09,0,0,5.50E-12,2.36E-12,0,0,4.51E-11,4.66E-12,0,0,0,3.00E-11,5.57E-10,0,0,0,0,0,0,0,7.02E-11,6.78E-11,0,3.04E-13,2.24E-12,0,0,0,0,0,0,3.38E-11,0,3.39E-12,7.64E-11,1.24E-11,0,1.11E-12,0,2.05E-12,0,0,0,0,0,0,0,0,0,0,0,0,1.00E-12,0,1.36E-11,0,0,7.34E-10,0,0,0,0,8.28E-12,9.64E-12,1.20E-10,0,0,0,0,0,0,0,1.34E-11,2.14E-11,0,0,2.74E-12,0,0,0,0,0,0,7.32E-11,0,0,3.07E-13,7.15E-12,2.52E-12,0,0,2.91E-09,0,2.38E-12,9.23E-12,0,0,0,1.90E-12,0,0,1.15E-12,2.797370644,0.898447719
15,1011.128978,652.3875428,18667,41712453,2,Switzerland,Europe,Freshwater,Northern and Eastern,0.000315186,0,0.000225306,0.000162853,0,0,0,0,0,0,2.14E-12,0,1.73E-11,0,8.99E-12,2.27E-09,2.37E-10,0,1.20E-10,3.72E-10,0,1.79E-12,1.22E-11,0,4.36E-12,0,0,0,0,2.65E-11,0,0,0,0,0,0,4.17E-12,9.28E-11,1.03E-10,0,6.17E-13,5.63E-12,9.51E-12,0,0,1.90E-11,1.80E-11,0,2.39E-10,0,1.58E-09,7.64E-10,3.24E-11,2.03E-11,7.57E-11,1.24E-09,0,4.44E-12,5.03E-11,4.68E-11,1.63E-10,0,1.31E-09,0,3.74E-12,6.20E-12,6.49E-12,0,0,2.44E-10,2.66E-11,1.51E-11,0,1.03E-11,0,3.76E-11,0,8.32E-12,0,0,2.92E-11,0,8.02E-11,0,1.75E-10,2.29E-12,1.06E-11,0,2.20E-11,0,1.20E-10,3.72E-10,3.33E-12,0,0,4.62E-10,0,0,3.02E-11,2.46E-10,4.02E-11,6.11E-11,0,0,9.10E-11,2.37E-12,5.97E-12,0,0,2.36E-12,4.33E-11,0,0,4.04E-12,2.70E-11,0,0,1.21E-11,8.32E-12,1.08E-11,0,3.17E-12,1.35E-11,0,7.60E-12,0,2.40E-11,1.07E-10,0,0,2.39E-12,2.58E-12,0,1.67E-12,0,2.67E-10,1.34E-10,0,6.50E-11,3.21E-11,1.03E-10,1.07E-11,0,0,0,0,1.81E-11,0,0,0,3.59E-12,0,3.48E-12,7.98E-13,9.52E-13,2.33E-10,6.88E-12,0,0,9.55E-11,7.93E-12,0,0,0,0,0,0,2.80E-12,0,1.13E-10,3.24E-11,4.71E-12,1.45E-11,0,0,6.02E-12,3.04E-11,2.27E-11,2.20E-10,7.42E-11,0,0,0,7.09E-12,1.50E-11,2.30E-11,9.17E-11,1.95E-09,1.01E-10,0,0,1.07E-11,0,0,0,1.07E-11,0,4.82E-11,2.68E-10,3.17E-11,0,8.77E-12,9.71E-12,1.97E-11,1.81E-12,1.53E-12,2.72E-10,0,1.04E-11,6.51E-11,0,3.45E-12,0,5.88E-11,3.59E-11,0,4.73E-12,3.923080511,0.953005547
16,26562.45832,12320.59753,19115,393259014,48,United States,North America,Freshwater,Northern and Western,4.80E-05,0,4.26E-06,2.63E-06,0,0,0,0,0,0,1.54E-14,0,6.10E-14,6.45E-14,1.43E-14,2.58E-11,6.58E-11,0,2.81E-11,9.93E-12,0,1.10E-14,0,0,0,0,0,0,3.68E-14,0,0,0,0,0,0,0,5.08E-14,6.71E-13,3.25E-12,0,1.86E-15,0,0,0,0,3.48E-13,1.68E-14,8.88E-13,1.93E-12,0,2.05E-11,1.85E-11,0,1.63E-14,3.35E-14,3.97E-11,1.93E-14,1.51E-12,2.74E-14,1.08E-12,2.75E-13,0,1.69E-11,0,1.97E-14,3.94E-12,1.42E-13,0,0,1.34E-12,2.30E-12,5.13E-14,1.86E-14,1.09E-13,0,2.01E-13,2.94E-14,6.88E-15,0,0,1.24E-14,8.80E-14,2.41E-12,0,3.95E-12,7.79E-14,1.41E-14,0,1.16E-13,0,1.57E-11,9.94E-12,4.08E-13,0,1.07E-14,2.41E-11,0,0,7.54E-13,1.41E-11,3.81E-13,3.27E-13,4.97E-14,0,3.33E-13,9.19E-15,2.24E-14,0,0,0,1.44E-12,0,0,1.65E-14,3.76E-11,0,0,2.51E-12,5.78E-13,3.75E-14,0,4.35E-13,5.73E-12,0,0,0,8.16E-14,1.82E-13,0,0,0,1.37E-15,0,0,0,2.29E-12,1.23E-12,0,1.76E-14,3.98E-13,2.90E-14,3.27E-13,0,2.70E-14,0,0,8.65E-14,1.04E-14,8.79E-15,1.13E-14,7.94E-15,0,3.11E-13,4.90E-14,1.42E-13,2.29E-12,0,0,0,6.27E-13,3.83E-14,0,0,0,0,0,0,5.63E-15,3.77E-15,3.68E-12,0,0,1.18E-11,0,6.43E-14,1.55E-14,3.21E-13,1.63E-13,2.76E-12,3.85E-13,0,0,3.81E-15,1.34E-12,4.50E-15,8.30E-14,9.89E-13,4.63E-12,3.29E-12,8.62E-15,0,8.73E-14,0,0,0,1.71E-13,0,1.34E-12,8.41E-12,1.55E-12,0,1.39E-14,1.60E-14,1.33E-12,2.95E-14,2.38E-12,1.04E-11,0,1.46E-14,3.40E-13,0,2.33E-13,0,7.59E-13,7.76E-13,0,1.31E-14,3.609759601,0.941964104
17,350.2825033,208.8325688,19167,13265421,2,Switzerland,Europe,Freshwater,Northern and Eastern,0,0,0.000299367,0,0,0,0,0,0,0,0,0,3.14E-11,3.76E-11,0,7.07E-09,5.20E-10,0,1.26E-10,1.61E-09,0,0,6.02E-11,0,0,0,0,0,0,0,0,0,0,0,0,0,0,2.84E-10,2.79E-10,0,0,0,4.31E-11,0,0,4.39E-11,0,0,7.56E-10,0,4.41E-09,2.31E-09,0,9.00E-11,4.87E-10,3.61E-09,0,3.98E-11,1.36E-10,2.71E-10,4.16E-10,0,3.44E-09,0,0,3.39E-11,0,0,0,6.14E-10,2.98E-11,2.18E-11,0,0,0,3.32E-11,0,1.69E-11,0,0,3.81E-11,0,3.18E-10,0,5.59E-10,6.93E-12,0,0,1.09E-11,0,1.78E-10,1.61E-09,0,0,0,1.65E-09,0,0,4.24E-11,8.32E-10,4.00E-11,1.03E-10,0,0,8.24E-11,7.67E-12,0,0,2.06E-11,7.61E-12,2.06E-10,0,0,0,2.61E-10,0,0,5.91E-11,1.45E-11,0,0,4.61E-11,7.06E-11,0,2.44E-11,0,8.15E-11,3.19E-10,0,0,0,0,0,8.16E-12,0,7.98E-10,3.29E-10,0,1.54E-10,8.54E-11,3.09E-10,1.61E-11,0,0,0,0,2.46E-11,0,0,0,4.04E-11,0,0,0,7.56E-12,5.57E-10,0,0,0,4.25E-10,0,0,0,0,0,0,0,8.77E-12,0,3.51E-10,8.15E-12,0,3.97E-11,0,0,0,9.02E-11,3.58E-11,4.84E-10,1.35E-10,0,0,0,0,1.70E-11,2.81E-11,3.85E-10,6.11E-09,5.81E-10,0,0,0,0,0,0,1.73E-11,0,2.41E-10,8.69E-10,1.09E-10,0,4.50E-11,8.77E-12,5.26E-11,0,1.35E-11,7.04E-10,0,7.48E-11,1.12E-10,0,0,0,2.07E-10,1.30E-10,0,0,3.830202354,0.950951861
18,54.01065403,45.5451931,19284,1209322,1,Brazil,South America,Freshwater,Southern and Western,0,0,0,0,0,0,0,0,0,0,0,0,0,0,0,3.97E-08,5.72E-09,0,0,5.92E-09,0,0,0,0,0,0,0,0,0,0,0,0,0,0,0,0,0,2.55E-09,0,0,0,0,0,0,0,1.08E-09,0,0,1.51E-08,0,2.91E-09,1.20E-08,0,0,0,1.40E-08,0,1.10E-09,0,8.01E-10,0,0,9.09E-09,0,0,5.42E-10,0,0,0,9.41E-10,7.59E-10,0,0,0,0,7.53E-10,0,0,0,0,0,0,3.69E-09,0,0,5.61E-10,0,0,1.61E-09,0,8.63E-09,5.92E-09,0,0,0,1.11E-08,0,0,0,8.22E-09,3.26E-09,0,0,0,0,0,0,0,0,0,0,0,0,0,0,0,0,0,0,0,0,0,3.85E-09,0,0,0,0,0,0,0,0,7.40E-10,0,0,0,1.51E-08,3.94E-10,0,0,0,0,7.13E-10,0,0,0,0,0,0,0,0,0,0,0,7.00E-10,0,2.09E-09,0,0,0,0,0,0,0,0,0,0,0,0,0,0,0,0,0,0,0,0,0,0,9.72E-10,0,0,0,0,2.30E-09,0,0,0,2.59E-09,0,0,0,0,0,0,0,0,0,1.89E-09,0,6.78E-10,0,0,0,5.51E-09,0,0,6.03E-10,0,0,1.48E-09,0,0,0,1.96E-09,0,0,0,3.169239194,0.932649744
19,181.8447831,108.7986329,19395,6843559,1,Switzerland,Europe,Freshwater,Northern and Eastern,0,0,0.000213107,0,0,0,0,0,0,0,0,0,6.20E-11,1.35E-10,0,1.42E-08,1.16E-09,0,1.60E-10,3.38E-09,0,0,0,0,0,0,0,0,0,0,0,0,0,0,0,0,0,6.03E-10,2.18E-10,0,0,0,0,0,0,8.28E-11,0,0,1.15E-09,0,8.23E-09,4.07E-09,0,0,8.98E-10,8.07E-09,0,9.64E-11,2.48E-10,5.47E-10,6.27E-10,0,7.48E-09,0,0,8.65E-11,0,0,0,1.16E-09,3.89E-11,0,0,0,0,9.30E-11,0,6.36E-11,0,0,3.13E-11,0,7.93E-10,0,7.65E-10,2.48E-11,0,0,0,0,3.00E-10,3.38E-09,0,0,0,3.06E-09,0,0,0,1.57E-09,1.43E-10,1.00E-10,0,0,7.54E-11,0,0,0,0,0,3.44E-10,0,0,0,4.99E-10,0,0,2.11E-10,0,0,0,0,2.71E-10,0,8.74E-11,0,2.94E-10,6.99E-10,0,0,0,0,0,0,0,1.31E-09,4.41E-10,0,2.13E-10,2.07E-10,5.40E-10,5.39E-11,0,0,0,0,3.15E-11,0,0,0,1.21E-10,0,0,0,2.70E-11,8.15E-10,0,0,0,7.08E-10,0,0,0,0,0,0,5.55E-11,3.14E-11,0,1.36E-09,0,0,0,0,0,0,1.95E-10,1.56E-10,1.08E-09,2.19E-10,0,0,0,0,0,4.82E-11,8.53E-10,1.06E-08,1.42E-09,0,0,0,0,0,0,0,0,4.61E-10,1.50E-09,2.13E-10,0,9.98E-11,3.14E-11,1.05E-10,0,4.84E-11,1.44E-09,0,2.11E-10,3.32E-10,0,0,0,4.43E-10,3.05E-10,0,0,3.811087367,0.951632788
20,1011.128978,652.3875428,19396,41712453,2,Switzerland,Europe,Freshwater,Northern and Eastern,0.000315186,0,0.000225306,0.000162853,0,0,0,0,0,0,2.14E-12,0,1.73E-11,0,8.99E-12,2.27E-09,2.37E-10,0,1.20E-10,3.72E-10,0,1.79E-12,1.22E-11,0,4.36E-12,0,0,0,0,2.65E-11,0,0,0,0,0,0,4.17E-12,9.28E-11,1.03E-10,0,6.17E-13,5.63E-12,9.51E-12,0,0,1.90E-11,1.80E-11,0,2.39E-10,0,1.58E-09,7.64E-10,3.24E-11,2.03E-11,7.57E-11,1.24E-09,0,4.44E-12,5.03E-11,4.68E-11,1.63E-10,0,1.31E-09,0,3.74E-12,6.20E-12,6.49E-12,0,0,2.44E-10,2.66E-11,1.51E-11,0,1.03E-11,0,3.76E-11,0,8.32E-12,0,0,2.92E-11,0,8.02E-11,0,1.75E-10,2.29E-12,1.06E-11,0,2.20E-11,0,1.20E-10,3.72E-10,3.33E-12,0,0,4.62E-10,0,0,3.02E-11,2.46E-10,4.02E-11,6.11E-11,0,0,9.10E-11,2.37E-12,5.97E-12,0,0,2.36E-12,4.33E-11,0,0,4.04E-12,2.70E-11,0,0,1.21E-11,8.32E-12,1.08E-11,0,3.17E-12,1.35E-11,0,7.60E-12,0,2.40E-11,1.07E-10,0,0,2.39E-12,2.58E-12,0,1.67E-12,0,2.67E-10,1.34E-10,0,6.50E-11,3.21E-11,1.03E-10,1.07E-11,0,0,0,0,1.81E-11,0,0,0,3.59E-12,0,3.48E-12,7.98E-13,9.52E-13,2.33E-10,6.88E-12,0,0,9.55E-11,7.93E-12,0,0,0,0,0,0,2.80E-12,0,1.13E-10,3.24E-11,4.71E-12,1.45E-11,0,0,6.02E-12,3.04E-11,2.27E-11,2.20E-10,7.42E-11,0,0,0,7.09E-12,1.50E-11,2.30E-11,9.17E-11,1.95E-09,1.01E-10,0,0,1.07E-11,0,0,0,1.07E-11,0,4.82E-11,2.68E-10,3.17E-11,0,8.77E-12,9.71E-12,1.97E-11,1.81E-12,1.53E-12,2.72E-10,0,1.04E-11,6.51E-11,0,3.45E-12,0,5.88E-11,3.59E-11,0,4.73E-12,3.923080511,0.953005547
21,67.97370383,36.01094033,21104,878852,4,Brazil,South America,Freshwater,Southern and Western,0,0,0,0,0,0,0,0,0,0,0,0,0,0,0,2.22E-09,5.18E-09,0,3.04E-08,9.55E-09,0,0,0,0,0,0,0,0,0,0,0,0,0,0,0,0,0,0,0,0,0,1.06E-08,0,0,0,0,0,0,0,0,0,3.50E-09,0,0,0,1.48E-09,0,4.21E-10,1.37E-09,0,0,3.48E-09,1.05E-08,0,0,4.73E-10,0,0,0,1.63E-09,0,0,0,0,0,0,0,0,0,0,0,0,5.01E-10,0,0,0,0,0,0,0,8.40E-09,9.55E-09,0,0,0,5.03E-09,0,0,0,2.41E-09,0,0,0,0,0,0,0,0,0,0,9.30E-09,0,0,0,0,0,0,0,0,0,0,0,0,0,0,0,0,0,0,0,0,0,0,0,0,0,3.43E-09,0,0,0,0,0,0,0,0,0,4.46E-09,0,0,0,0,0,0,1.23E-09,0,0,0,0,0,0,0,0,0,0,0,0,0,0,0,2.85E-09,0,0,0,0,0,0,0,0,1.58E-09,0,0,0,0,1.31E-09,0,0,1.36E-08,9.89E-09,0,0,0,1.25E-09,0,0,0,0,0,7.70E-10,5.21E-09,0,0,1.59E-09,0,8.03E-10,0,0,9.42E-09,0,0,0,0,0,0,9.05E-10,0,0,0,3.124672242,0.936069116
22,3.77290589,1.046334009,80627,15296,4,Antarctica,Antarctica,Marine,Southern and Eastern,0,0,0,0,0,0,0,0,0,0,0,0,0,0,0,0,0,0,0,0,0,0,0,0,0,0,0,0,0,0,0,0,0,0,0,0,0,6.74E-06,0,0,0,0,0,0,0,0,0,0,0,0,0,0,0,0,0,0,0,0,0,0,0,0,0,0,0,2.83E-06,0,0,0,0,0,0,0,0,0,0,0,0,0,0,0,0,0,0,0,0,0,0,0,0,1.75E-05,0,0,0,0,0,0,0,0,0,0,0,0,0,0,0,0,0,0,0,0,0,0,0,0,0,0,0,0,0,0,0,0,0,0,0,0,0,0,0,0,0,0,0,0,0,3.54E-06,0,0,0,0,0,0,0,0,0,0,0,0,0,0,0,0,0,0,0,0,0,0,0,0,0,0,0,0,0,0,0,0,0,0,0,0,0,0,0,0,0,0,0,0,0,0,0,0,0,0,0,8.35E-05,0,0,0,0,0,0,0,0,0,0,0,0,0,0,0,0,0,0,0,0,0,0,0,0,0,0,0,0,1.122350996,0.602675651
23,31.88828481,11.12890095,81845,57375,1,Colombia,South America,Estuary,Northern and Western,0,0,0,0,0,0,0,0,0,0,0,0,0,0,0,0,0,0,0,0,0,0,0,0,0,0,0,0,0,0,0,0,0,0,0,0,0,0,0,0,0,0,0,0,0,0,0,0,0,0,0,0,0,0,0,0,0,0,0,0,0,0,0,0,0,0,0,0,0,0,0,0,0,0,0,0,0,0,0,0,0,0,0,0,0,0,0,0,0,0,0,0,0,0,0,0,0,0,0,0,0,0,0,0,0,0,0,0,0,0,0,0,0,0,0,0,0,0,0,0,0,0,0,0,0,0,0,0,0,0,0,0,0,0,0,0,0,0,0,0,0,0,0,0,0,0,0,0,0,0,0,0,0,0,0,0,0,0,0,0,0,0,0,0,0,0,0,0,0,0,0,0,0,0,0,0,0,0,0,0,0,0,0,0,0,0,0,0,0,0,0,0,0,0,0,0,0,0,0,0,0,0,0,0,0,0,4.89E-07,0,0,0,0,0,0,0,0,0,0,0,0
24,4648.4726,2831.045162,82106,949056590,52,Mexico,North America,Marine,Northern and Western,0.000339618,0,4.34E-05,0,0,0,0,2.06E-13,0,0,0,0,1.26E-13,1.39E-13,1.58E-12,1.46E-11,2.09E-12,0,9.48E-13,5.03E-12,0,1.06E-12,0,2.60E-13,0,0,0,0,5.20E-13,0,0,0,0,0,0,0,3.72E-13,7.00E-13,3.29E-12,0,2.97E-14,0,1.91E-15,0,2.38E-14,2.42E-14,2.80E-13,6.23E-13,1.83E-12,4.37E-13,4.92E-12,5.25E-12,0,0,0,1.04E-11,0,1.23E-13,0,3.68E-12,1.78E-13,0,2.15E-11,2.65E-14,3.31E-14,4.01E-13,0,0,0,2.22E-12,6.52E-13,9.37E-14,0,0,0,6.21E-12,2.90E-13,7.24E-16,0,0,3.50E-14,3.52E-12,2.72E-12,0,8.72E-13,6.00E-12,0,0,1.71E-12,0,9.18E-12,5.03E-12,2.40E-12,0,2.28E-12,5.45E-12,0,4.15E-13,1.78E-13,2.27E-12,2.37E-13,1.08E-12,1.05E-14,2.41E-15,3.45E-13,4.92E-12,0,0,2.23E-13,0,3.76E-12,0,0,3.16E-13,7.95E-14,0,0,0,0,2.67E-14,0,1.52E-13,5.97E-13,0,2.85E-14,9.76E-14,3.40E-13,3.41E-13,0,0,7.95E-14,7.48E-16,0,0,0,1.46E-12,4.62E-12,0,2.46E-13,9.04E-13,3.22E-13,6.58E-14,0,0,0,0,1.72E-13,2.20E-12,3.16E-12,2.29E-12,3.17E-14,0,8.79E-12,5.82E-12,1.26E-11,1.32E-15,0,0,0,2.35E-12,0,1.47E-14,0,0,3.85E-13,7.74E-14,0,2.67E-15,0,9.40E-12,1.49E-15,1.90E-14,1.12E-12,0,1.85E-12,4.15E-14,1.82E-12,1.03E-13,3.27E-12,1.14E-12,0,0,0,1.08E-12,0,1.08E-13,2.63E-12,1.67E-11,1.97E-12,0,0,1.69E-12,1.01E-13,0,5.91E-14,8.56E-13,0,2.33E-12,9.52E-12,3.11E-12,0,9.36E-14,2.14E-13,2.66E-13,0,5.37E-13,8.36E-12,0,1.62E-12,8.95E-13,0,7.64E-14,0,1.69E-11,3.87E-12,1.34E-13,8.10E-13,4.466431005,0.97954407
25,222.8682844,133.4762813,82424,2429597,1,United States,North America,Marine,Northern and Western,0.000440344,0,0,0,0,0,0,0,0,0,0,0,0,0,0,2.34E-09,0,0,0,5.17E-10,0,0,0,0,0,0,0,0,0,0,0,0,0,0,0,0,0,1.98E-10,0,0,0,0,0,0,0,0,0,0,0,0,3.61E-09,2.58E-09,0,0,0,7.23E-09,0,0,0,0,0,0,4.07E-09,0,0,1.11E-10,0,0,0,1.43E-10,0,0,0,0,0,9.63E-11,0,0,0,0,0,9.21E-11,1.04E-10,0,1.35E-09,0,0,0,0,0,8.62E-10,5.17E-10,0,0,0,6.77E-09,0,0,0,3.19E-10,2.52E-09,1.95E-10,0,0,0,0,0,0,0,0,1.81E-10,0,0,0,1.31E-09,0,0,0,0,0,0,0,3.91E-10,0,0,0,0,5.42E-10,0,0,0,0,0,0,0,3.50E-10,3.92E-10,0,0,0,0,0,0,0,0,0,0,0,0,0,0,0,0,0,0,8.54E-10,0,0,0,0,0,0,0,0,0,0,0,0,0,1.25E-09,0,0,0,0,0,0,0,0,0,1.44E-10,0,0,0,1.94E-10,0,0,0,0,3.64E-10,0,0,0,0,0,0,0,0,0,9.74E-10,2.85E-10,0,0,0,0,0,0,4.04E-09,0,0,9.23E-10,0,0,0,0,1.65E-09,0,0,3.092996686,0.91813018
26,4913.938326,3004.041091,83955,126159929,42,Russia,Europe,Marine,Northern and Eastern,8.71E-05,0,1.46E-05,0,0,0,0,0,0,0,0,0,3.24E-13,0,0,1.94E-10,4.64E-11,0,2.20E-11,2.80E-11,0,0,0,0,0,0,0,0,0,0,0,0,0,0,0,0,8.57E-15,4.68E-12,2.35E-12,0,0,0,6.02E-12,0,0,1.09E-13,0,3.40E-13,2.82E-13,0,1.64E-10,4.67E-11,0,0,0,1.27E-10,0,1.32E-12,0,1.06E-12,4.13E-13,0,6.48E-11,0,3.75E-13,1.04E-11,0,0,0,8.93E-12,1.04E-11,2.57E-13,0,3.83E-13,0,1.01E-12,0,0,0,0,0,3.15E-14,1.60E-12,0,8.36E-12,2.79E-13,0,0,5.28E-12,0,1.56E-11,2.80E-11,1.72E-12,0,1.88E-14,7.76E-11,0,0,6.47E-12,4.36E-12,5.55E-13,6.42E-13,6.06E-14,0,2.31E-12,1.27E-12,0,0,0,0,9.15E-13,0,0,1.38E-13,4.15E-11,0,0,1.09E-11,1.31E-11,0,0,4.36E-13,1.99E-11,0,0,0,0,7.13E-13,0,0,4.70E-12,0,0,0,0,1.56E-12,6.39E-12,0,5.74E-14,5.42E-12,1.72E-12,3.54E-15,0,0,0,0,1.84E-12,0,0,7.32E-14,1.41E-13,0,6.28E-14,5.53E-15,0,3.85E-12,0,0,0,6.67E-13,0,0,0,0,0,0,0,0,0,2.12E-11,2.30E-13,0,3.16E-12,0,0,1.58E-12,7.01E-12,1.02E-12,1.41E-11,4.86E-13,0,0,0,4.32E-12,4.31E-15,3.82E-13,1.07E-11,1.01E-11,2.19E-11,0,0,3.51E-12,0,0,1.81E-13,6.60E-13,0,3.20E-12,3.05E-11,3.04E-12,0,0,3.72E-13,4.24E-12,0,1.39E-13,2.25E-11,0,1.13E-12,5.32E-12,0,1.93E-12,0,1.09E-11,1.63E-12,0,2.16E-13,3.351866811,0.928990827
27,423.7995268,76.54296681,89262,1006165,2,United States,North America,Marine,Northern and Western,0,0,0.000925591,0,0,0,0,0,0,0,0,0,0,0,0,3.02E-09,0,0,4.94E-10,1.37E-09,0,1.49E-10,0,0,0,0,0,1.03E-09,0,0,0,0,0,0,0,0,0,3.05E-09,0,0,0,0,0,0,0,0,0,0,0,0,5.97E-09,2.97E-09,0,0,0,2.46E-09,0,0,0,9.94E-11,3.04E-09,0,5.93E-09,0,0,1.07E-09,0,0,0,9.49E-10,2.95E-10,1.49E-10,0,0,0,0,0,0,0,0,4.31E-10,0,2.40E-10,0,4.18E-10,4.52E-10,0,0,1.40E-10,0,0,1.37E-09,0,0,4.05E-10,4.68E-10,0,0,0,7.25E-10,0,0,0,0,7.69E-10,0,0,0,0,0,2.41E-09,0,0,0,1.33E-08,0,0,2.76E-09,1.61E-09,0,0,0,9.29E-10,0,0,0,8.73E-11,3.78E-09,0,0,0,0,0,0,0,0,1.78E-09,0,6.37E-10,0,1.02E-10,0,0,0,0,4.60E-10,0,2.59E-10,0,0,0,0,0,2.92E-10,2.21E-10,0,0,0,0,0,0,0,0,0,0,0,0,0,0,0,0,0,0,0,0,0,0,1.14E-10,2.92E-10,1.18E-10,0,0,0,0,0,0,0,0,3.07E-09,0,0,6.52E-10,0,0,0,0,0,0,3.41E-09,0,6.04E-10,0,4.47E-10,0,0,0,4.56E-09,0,0,0,0,4.75E-10,0,0,0,0,0,3.801083769,0.969959416
28,5588.877457,4363.042838,89308,124042420,3,Puerto Rico,North America,Marine,Northern and Western,0.000158784,0,1.34E-05,8.65E-05,0,0,0,0,0,0,0,0,3.26E-13,0,0,2.82E-12,1.29E-12,0,0,0,0,0,0,0,0,0,0,2.92E-13,0,0,0,0,0,0,0,0,0,3.15E-11,0,0,0,0,2.16E-13,0,0,1.96E-13,7.32E-13,1.16E-13,0,0,1.95E-12,1.27E-10,0,0,0,2.01E-12,0,2.39E-12,0,1.60E-12,3.67E-13,0,7.37E-12,0,0,4.29E-12,0,1.27E-13,0,1.13E-12,2.15E-12,0,0,1.86E-13,0,4.05E-14,0,0,0,0,0,0,1.58E-12,0,1.42E-12,7.63E-14,0,0,0,0,0,1.11E-12,0,0,0,1.17E-11,0,0,1.36E-12,0,0,0,4.97E-14,0,8.51E-12,0,0,0,0,0,0,0,0,9.91E-14,0,0,4.53E-13,0,0,0,0,0,0,0,0,0,0,7.03E-14,0,0,0,0,0,0,0,5.02E-13,4.11E-12,0,7.56E-14,1.92E-13,0,0,0,0,0,0,0,0,1.03E-13,3.09E-14,0,0,6.97E-14,0,1.49E-13,2.94E-13,0,0,0,0,0,0,0,0,0,0,0,0,0,0,0,0,0,0,4.13E-14,6.89E-13,8.40E-13,0,9.91E-13,0,0,0,0,8.22E-13,1.55E-13,0,6.09E-13,5.39E-13,1.82E-13,0,0,0,0,0,0,0,0,0,1.93E-12,1.53E-12,1.08E-13,0,0,1.82E-12,1.54E-13,0,1.93E-13,0,0,2.24E-13,0,0,0,2.55E-13,7.33E-13,0,0,2.104012562,0.675100679
29,5851.093832,5152.553791,96068,272570546,2,France,Europe,Freshwater,Northern and Eastern,3.81E-05,0,0,0,0,0,0,0,0,0,1.33E-13,0,6.56E-13,1.54E-13,0,1.94E-10,1.36E-11,0,5.40E-11,2.72E-11,0,1.27E-13,2.53E-13,0,0,0,0,0,0,0,0,0,0,0,0,0,1.24E-13,1.83E-11,5.48E-11,0,0,0,4.67E-13,0,0,0,0,1.45E-12,5.43E-12,0,1.53E-10,7.41E-11,0,6.90E-12,2.36E-12,1.06E-10,0,4.53E-12,3.01E-12,5.70E-12,7.98E-12,1.12E-13,1.81E-10,0,0,1.50E-12,0,0,0,1.94E-11,1.06E-12,6.20E-13,0,3.47E-13,0,1.44E-12,0,2.33E-13,0,0,1.23E-13,1.69E-14,1.56E-11,0,3.67E-11,2.35E-13,0,0,1.24E-12,0,3.07E-11,2.72E-11,5.87E-13,0,3.37E-13,6.17E-11,0,0,5.45E-13,5.82E-11,1.06E-12,1.11E-11,2.94E-13,0,1.04E-11,2.90E-13,5.99E-12,0,1.52E-13,0,9.96E-12,0,0,0,6.62E-12,0,0,3.29E-13,2.17E-13,0,0,1.46E-12,1.72E-11,0,6.38E-13,7.03E-13,2.19E-12,3.14E-11,0,0,0,2.20E-13,0,5.96E-14,0,7.33E-12,2.44E-11,0,2.22E-12,2.77E-12,4.60E-12,1.48E-12,0,0,0,0,1.76E-12,0,0,0,5.99E-14,0,1.03E-12,0,5.30E-13,2.19E-11,0,0,0,6.64E-12,8.34E-13,0,0,0,0,1.12E-13,0,5.73E-14,0,1.12E-11,0,0,7.49E-13,0,2.98E-14,0,4.18E-12,1.28E-12,1.79E-11,7.02E-12,0,0,0,7.39E-12,1.87E-13,1.71E-13,2.55E-11,1.12E-10,7.96E-12,0,0,1.55E-13,0,0,0,5.37E-13,0,4.84E-12,2.32E-11,3.28E-12,0,1.57E-13,5.97E-14,2.16E-12,0,1.41E-12,4.53E-12,0,5.84E-13,4.06E-12,0,4.41E-12,0,9.57E-13,1.72E-12,0,0,3.85425688,0.959066368
30,13232.57022,15449.4354,96089,740193418,8,France,Europe,Freshwater,Northern and Eastern,0.00010946,0,0.00019601,5.76E-05,0,0,0,0,0,0,9.03E-15,0,4.81E-13,5.13E-13,1.39E-14,1.35E-10,1.50E-11,0,3.04E-13,7.38E-12,0,9.99E-14,0,0,0,0,0,0,0,5.55E-14,0,0,0,0,0,0,5.62E-14,1.97E-12,9.63E-13,0,3.82E-15,0,2.33E-14,0,0,1.87E-13,0,5.92E-13,1.98E-12,0,1.95E-11,2.12E-11,0,5.79E-13,1.40E-12,1.83E-11,0,3.69E-13,3.97E-13,8.85E-13,8.09E-13,5.44E-14,3.55E-11,9.17E-15,3.15E-15,1.22E-12,0,0,0,7.37E-12,6.34E-13,4.14E-13,2.01E-14,2.45E-13,0,1.31E-13,0,4.33E-15,7.74E-14,0,2.26E-13,0,8.65E-13,3.41E-13,3.30E-12,6.21E-14,1.72E-14,0,2.94E-13,0,5.85E-12,7.38E-12,1.44E-12,1.09E-14,7.70E-14,9.88E-12,6.60E-15,0,3.33E-13,6.43E-12,8.34E-13,3.29E-13,6.57E-14,0,1.48E-12,1.65E-14,1.91E-13,1.68E-13,4.99E-13,1.34E-14,3.33E-13,0,0,7.32E-13,5.37E-13,0,0,6.22E-14,1.54E-14,0,0,4.27E-14,3.37E-13,0,6.68E-14,3.08E-14,2.75E-13,2.22E-12,0,0,0,1.71E-14,0,2.84E-15,0,2.74E-12,4.92E-12,0,2.31E-13,6.66E-13,7.47E-13,8.58E-14,0,0,0,0,3.33E-13,0,0,3.91E-15,2.03E-13,0,3.14E-14,1.08E-13,6.21E-15,1.99E-12,0,0,7.52E-14,7.12E-13,0,0,0,0,0,2.56E-14,9.95E-15,7.39E-14,1.72E-14,2.60E-12,1.60E-14,1.48E-14,1.26E-13,0,3.65E-14,2.47E-14,8.05E-13,7.23E-13,8.85E-12,1.70E-12,0,0,7.07E-14,8.74E-13,2.08E-14,1.86E-13,1.17E-12,9.69E-12,1.38E-11,0,0,2.03E-13,9.77E-14,0,0,3.77E-13,0,1.90E-12,1.48E-11,1.00E-12,0,1.45E-13,3.05E-13,1.34E-12,5.21E-14,4.50E-13,7.71E-12,0,6.34E-14,1.89E-12,9.61E-14,2.22E-12,0,6.73E-13,7.39E-13,1.85E-13,7.03E-14,3.651796924,0.907496878
31,6895.107934,2534.860394,97102,35392853,3,Japan,Asia,Marine,Northern and Eastern,0.000482672,0,0,0,0,0,0,0,0,0,0,0,8.00E-12,0,0,1.66E-10,4.83E-11,0,6.70E-12,0,0,0,0,0,0,0,0,1.23E-11,0,0,0,0,0,0,0,0,0,4.35E-13,2.61E-13,0,0,0,0,0,0,0,0,0,8.58E-11,0,0,1.28E-13,0,0,0,1.54E-11,0,1.34E-12,0,3.82E-11,0,0,2.90E-11,0,0,4.96E-13,0,0,0,0,0,9.49E-12,0,0,0,0,0,0,0,0,0,0,3.70E-13,0,6.00E-13,3.18E-13,0,0,0,0,6.28E-11,1.18E-10,4.70E-11,0,4.41E-11,4.93E-13,0,0,0,1.09E-12,0,0,0,0,0,6.14E-12,0,0,3.73E-11,0,8.59E-11,0,0,0,3.04E-11,0,0,2.31E-10,3.59E-11,0,0,1.67E-11,5.86E-11,0,0,1.84E-11,0,0,0,0,0,0,0,0,0,7.04E-11,0,0,1.46E-11,0,3.79E-12,0,0,0,0,0,0,0,0,0,1.68E-11,0,0,0,1.39E-13,1.47E-11,0,0,0,0,0,0,0,0,0,0,0,0,0,0,0,0,0,0,0,0,7.15E-11,0,1.35E-10,0,0,0,0,0,1.87E-11,0,0,1.45E-11,0,0,0,0,0,0,0,0,0,0,5.02E-11,0,0,0,0,0,0,0,0,0,0,0,0,0,0,8.84E-13,0,0,0,3.244382815,0.944774058
32,12.10332292,9.206841409,97220,84742,1,Denmark,Europe,Freshwater,Northern and Eastern,0,0,0,0,0,0,0,0,0,0,0,0,0,0,0,0,0,0,0,0,0,0,0,0,0,0,0,0,0,0,0,0,0,0,0,0,0,0,0,0,0,0,0,0,0,0,0,0,0,0,0,0,0,0,0,0,0,0,0,0,0,0,1.00E-06,0,0,0,0,0,0,0,0,0,0,0,0,0,0,0,0,0,0,0,0,0,0,0,0,0,0,0,0,0,0,0,0,0,0,0,0,0,0,0,0,0,0,0,0,0,0,0,0,0,0,0,0,0,0,0,0,0,0,0,0,0,0,0,0,0,0,0,0,0,0,0,0,0,0,0,0,0,0,0,0,0,0,0,0,0,0,0,0,0,0,0,0,0,0,0,0,0,0,0,0,0,0,0,0,0,0,0,0,0,0,0,0,0,0,0,0,0,0,0,0,0,0,0,0,0,3.00E-07,0,0,0,0,0,0,0,0,0,0,0,0,0,0,0,0,0,0,0,0,0,0,0,0,0,0,0,0,0.539783811,0.354653674
33,250984.8776,1234.267021,97988,43696515,16,Colombia,South America,Estuary,Northern and Western,0.000546205,0.012255586,0.008936327,0.000201387,0,4.26E-13,0,0,0,0,0,0,1.26E-11,1.93E-12,1.40E-11,5.22E-10,1.41E-10,1.81E-12,1.38E-11,1.64E-10,1.03E-10,4.42E-13,1.44E-11,0,1.10E-11,0,0,0,0,1.11E-11,0,0,0,2.51E-12,1.19E-11,0,0,5.84E-11,4.92E-11,1.35E-12,0,6.05E-12,6.16E-12,0,0,1.25E-11,0,1.51E-12,4.13E-11,0,3.94E-10,2.81E-10,3.29E-11,0,0,1.15E-09,7.48E-12,3.09E-13,4.03E-13,6.41E-11,1.52E-10,0,4.82E-10,0,0,5.77E-11,0,8.41E-13,0,1.34E-10,4.91E-12,6.88E-12,0,4.28E-13,0,1.77E-11,0,2.94E-11,2.72E-12,0,1.03E-10,3.51E-12,2.70E-11,3.60E-12,6.81E-11,2.59E-12,6.73E-12,2.49E-12,3.50E-11,2.07E-12,5.93E-10,1.78E-10,3.80E-11,0,2.62E-11,1.39E-10,1.50E-11,0,0,1.02E-10,5.68E-12,1.21E-11,1.29E-12,7.69E-12,3.10E-11,6.27E-12,2.64E-11,0,7.37E-12,4.74E-11,2.48E-11,2.79E-12,0,0,1.90E-10,0,0,3.65E-11,0,4.20E-12,5.67E-13,2.61E-12,1.96E-11,0,8.09E-12,4.29E-13,3.59E-12,2.83E-11,0,0,0,2.55E-11,0,4.75E-13,3.94E-12,6.40E-11,9.63E-11,1.22E-11,1.78E-11,2.86E-12,1.50E-11,3.93E-12,0,0,0,0,9.51E-12,0,2.05E-12,2.40E-12,5.91E-12,0,6.84E-12,1.78E-12,1.00E-12,8.37E-11,3.81E-12,0,1.46E-12,3.33E-11,0,0,0,0,0,0,0,9.39E-12,0,1.16E-10,3.29E-11,1.27E-11,2.83E-11,0,0,1.13E-12,2.12E-11,8.61E-11,7.61E-11,6.59E-11,8.36E-12,8.63E-12,1.30E-12,1.10E-11,1.11E-11,1.45E-11,1.93E-10,9.74E-11,3.27E-10,7.63E-12,0,2.11E-11,2.88E-10,0,0,2.31E-10,0,3.28E-10,1.18E-09,9.56E-12,4.46E-12,0,2.14E-11,8.42E-12,8.87E-12,3.16E-12,2.18E-10,0,2.73E-10,4.68E-11,0,0,0,1.06E-11,1.96E-12,2.11E-12,0,4.323458499,0.964773833
34,4510.160648,2484.299503,98315,75308078,34,United States,North America,Marine,Northern and Western,0,0,0.000876111,0,0,0,0,0,0,0,0,0,1.82E-11,0,1.49E-11,6.75E-10,2.55E-10,0,2.79E-10,1.40E-10,0,5.19E-12,0,0,0,0,0,0,0,0,0,0,0,0,0,0,1.25E-13,2.04E-11,1.85E-10,0,1.32E-12,0,2.24E-12,0,0,2.77E-11,0,0,6.78E-11,0,2.28E-10,6.13E-10,0,0,7.77E-11,6.28E-10,0,2.46E-10,0,3.15E-10,2.36E-11,0,1.35E-09,0,0,1.08E-10,0,0,0,2.53E-11,6.05E-11,8.06E-12,0,0,0,6.47E-12,2.11E-13,3.60E-13,0,0,7.26E-14,2.46E-12,9.65E-11,0,1.56E-10,2.39E-13,0,0,4.79E-12,0,4.85E-10,1.43E-10,4.28E-12,0,0,2.17E-10,0,0,1.69E-11,2.39E-11,2.43E-11,6.01E-11,0,0,5.97E-12,2.12E-11,0,0,0,0,1.77E-10,0,0,0,9.55E-10,0,0,4.23E-11,3.22E-11,2.45E-12,0,2.16E-11,1.15E-09,0,0,2.31E-10,4.08E-12,1.22E-10,0,0,0,0,0,0,0,6.78E-11,1.04E-10,0,0,3.30E-12,0,0,0,0,0,0,8.81E-11,0,2.36E-13,2.68E-11,0,0,2.26E-12,0,9.66E-14,0,0,0,0,0,0,0,0,0,0,7.86E-12,0,0,0,3.73E-11,0,0,6.74E-11,0,9.92E-14,0,7.57E-13,3.01E-13,7.75E-10,3.53E-11,0,0,0,8.46E-12,0,0,3.13E-12,1.85E-10,1.04E-09,0,0,6.95E-13,0,0,0,9.88E-13,0,6.39E-11,6.94E-11,2.00E-12,0,0,3.61E-14,1.28E-12,0,5.34E-13,4.61E-10,0,6.25E-13,2.67E-11,0,0,0,2.79E-11,3.24E-13,0,1.22E-12,3.660266469,0.959747878
35,8576.251011,7664.787173,99303,124808487,59,United States,North America,Freshwater,Northern and Western,0.000337955,0,0.000472546,0.000219645,0,8.47E-14,0,0,0,0,8.48E-13,0,4.15E-12,2.28E-12,2.59E-12,3.48E-10,3.35E-11,0,2.67E-11,6.92E-11,0,2.35E-13,6.71E-12,0,7.08E-13,0,0,5.40E-13,4.51E-12,3.37E-12,0,0,0,0,0,4.33E-13,0,1.98E-11,1.53E-11,1.01E-12,0,9.16E-13,3.50E-12,2.81E-13,1.46E-13,7.00E-13,8.29E-13,0,1.50E-11,0,1.45E-10,4.00E-11,7.90E-13,4.77E-13,9.90E-12,3.25E-10,4.94E-13,6.48E-13,4.24E-12,1.06E-11,4.19E-12,0,4.64E-10,0,1.48E-13,3.90E-12,7.00E-13,3.06E-13,0,2.23E-11,2.17E-12,3.00E-12,0,7.94E-13,7.25E-13,3.14E-12,1.94E-13,3.93E-13,7.86E-13,5.40E-14,2.28E-12,4.52E-14,1.67E-11,0,2.19E-11,1.43E-13,0,0,4.71E-12,3.59E-13,3.36E-11,7.09E-11,5.22E-12,1.68E-13,4.50E-12,3.50E-10,0,0,7.32E-14,2.81E-11,4.01E-11,6.02E-12,6.95E-14,7.03E-13,1.95E-11,7.70E-13,4.17E-12,0,3.10E-12,3.04E-13,1.05E-11,3.16E-12,5.96E-13,9.44E-13,1.26E-11,0,0,1.19E-12,2.40E-13,7.15E-13,8.43E-14,2.09E-12,5.16E-12,0,5.83E-13,7.29E-12,6.09E-13,1.43E-11,0,0,0,1.31E-12,2.05E-13,3.57E-13,0,1.66E-11,1.55E-11,6.70E-13,3.89E-12,3.79E-12,1.07E-11,4.36E-13,0,3.64E-13,2.11E-13,3.88E-13,2.20E-12,0,0,0,1.42E-12,3.30E-13,2.00E-12,0,1.51E-12,4.09E-11,2.21E-12,5.68E-13,0,9.36E-12,6.67E-13,5.48E-13,0,0,0,1.98E-13,0,9.47E-13,0,1.15E-11,7.90E-13,1.02E-12,6.31E-13,0,2.49E-13,0,5.96E-12,1.61E-12,1.54E-11,1.02E-11,7.79E-13,1.33E-12,0,1.66E-12,1.31E-12,1.84E-12,1.52E-11,6.16E-10,2.90E-11,0,0,1.25E-12,0,0,0,3.74E-13,0,1.12E-11,7.78E-11,1.64E-11,1.44E-12,4.34E-14,2.12E-12,3.88E-12,1.40E-12,7.39E-13,8.36E-11,0,2.35E-12,2.20E-11,0,1.48E-11,1.07E-13,3.40E-11,1.28E-11,0,1.13E-12,3.728026409,0.933688199
36,16728.21592,8351.232176,100537,674170754,48,United States,North America,Marine,Northern and Western,1.91E-05,0,0.00050582,0,0,0,0,0,0,0,0,0,1.14E-12,0,3.34E-12,1.54E-11,8.13E-14,0,2.77E-12,6.51E-12,0,2.05E-13,0,0,0,0,0,2.93E-14,0,0,0,0,0,0,0,0,1.85E-14,1.00E-12,2.87E-12,0,1.19E-13,0,0,0,0,4.99E-13,0,5.64E-15,4.67E-12,0,1.01E-11,1.95E-11,0,0,7.02E-12,2.47E-11,0,1.53E-13,0,3.44E-12,7.64E-13,0,1.39E-11,0,0,1.40E-12,0,0,0,2.38E-12,8.36E-13,4.69E-13,0,0,0,5.74E-14,9.84E-14,6.08E-15,0,0,1.14E-14,3.75E-14,6.04E-12,0,4.43E-12,1.40E-14,0,0,6.74E-13,0,2.94E-11,7.63E-12,9.73E-13,0,2.17E-14,4.43E-12,0,0,6.76E-14,6.80E-14,1.73E-13,0,2.66E-15,0,5.21E-14,2.87E-13,0,0,0,0,0,0,0,3.02E-15,1.59E-11,0,0,7.77E-13,1.06E-12,1.89E-13,0,1.25E-13,5.09E-13,0,6.86E-15,6.80E-14,1.45E-13,9.07E-12,0,0,0,0,0,0,0,4.70E-12,2.62E-12,0,8.51E-14,9.03E-14,4.64E-14,0,0,0,0,0,1.48E-12,3.76E-15,3.22E-14,3.03E-12,2.89E-14,0,1.60E-13,0,2.72E-15,2.66E-14,0,0,0,0,0,6.28E-14,0,0,0,1.27E-13,0,1.55E-14,0,6.72E-13,6.14E-15,0,5.20E-12,0,1.47E-14,0,9.45E-14,2.22E-14,1.37E-12,2.99E-12,0,0,0,6.91E-14,4.66E-14,1.12E-13,1.58E-13,2.94E-12,1.44E-10,0,0,0,0,0,0,0,0,0,1.24E-12,1.85E-14,2.27E-14,2.25E-15,2.00E-14,2.64E-15,0,0,1.96E-11,0,0,6.64E-14,0,0,0,1.31E-11,3.74E-14,0,0,3.279584048,0.936784892
37,107.8485486,66.20240176,102713,70709,1,New Zealand,Oceania,Freshwater,Southern and Eastern,0,0,0,0,0,0,0,0,0,0,0,0,0,0,0,0,0,0,0,0,0,0,0,0,0,0,0,0,0,0,0,0,0,0,0,0,0,0,0,0,0,0,0,0,0,0,0,0,0,0,0,0,0,0,0,0,0,0,0,0,0,0,0,0,0,0,0,0,0,0,0,0,0,0,0,0,0,0,0,0,0,0,0,0,0,0,0,0,0,0,0,0,0,0,0,0,0,0,0,0,0,0,0,0,0,0,0,0,0,0,0,0,0,0,0,0,0,0,0,0,0,0,0,0,0,0,0,1.29E-06,0,0,0,0,0,0,0,0,0,0,0,0,0,0,0,0,0,0,0,0,0,0,0,0,0,0,0,0,0,0,0,0,0,0,0,0,0,0,0,0,0,0,0,0,0,0,0,0,0,0,0,0,0,0,0,0,0,0,0,0,0,0,0,0,0,0,0,0,0,0,0,0,0,0,0,0,0,0,0,0,0,0,0,0,0,0,0,0,0,0,0
38,4100.436719,1102.470054,102903,13708810,4,Kenya,Africa,Freshwater,Southern and Eastern,2.89E-05,0,0,0,0,0,0,0,0,0,0,0,1.38E-12,7.10E-10,5.86E-12,1.20E-09,1.62E-10,0,2.22E-10,7.23E-10,2.97E-12,0,0,0,0,0,0,0,2.07E-10,3.65E-11,2.28E-10,0,1.56E-11,0,0,0,0,2.57E-11,9.30E-11,0,0,0,0,0,0,2.49E-12,0,0,0,0,8.25E-10,8.25E-10,0,5.84E-12,0,1.68E-09,0,1.16E-11,0,0,5.22E-11,0,7.05E-10,0,0,3.61E-10,0,0,0,1.48E-10,2.50E-11,1.59E-12,0,0,0,0,0,0,0,0,5.45E-11,0,8.98E-11,0,2.76E-10,0,7.55E-12,0,0,0,2.62E-10,7.35E-10,0,0,7.27E-12,8.07E-11,0,0,0,8.77E-11,5.77E-12,0,0,0,2.38E-10,0,0,0,0,0,1.10E-11,0,0,0,3.89E-11,0,0,2.15E-10,0,0,0,1.49E-11,7.99E-12,0,0,0,0,7.48E-13,0,0,0,7.65E-11,0,5.40E-11,0,6.63E-12,1.07E-10,0,2.46E-11,2.55E-12,7.00E-11,2.26E-12,0,0,0,0,1.21E-12,0,2.06E-12,6.86E-13,0,0,2.35E-12,0,0,0,5.29E-12,0,0,0,0,0,0,0,0,0,0,1.39E-11,0,2.32E-09,0,4.18E-11,0,0,0,0,0,0,1.87E-11,3.70E-10,0,0,0,2.57E-11,0,0,3.14E-09,1.07E-09,7.88E-10,0,0,3.09E-11,0,0,0,9.78E-11,0,2.45E-10,4.77E-10,1.47E-11,0,0,3.05E-11,0,0,1.31E-12,3.62E-10,0,0,0,0,1.34E-09,0,4.44E-10,7.97E-10,0,2.78E-12,3.723179264,0.962644062
39,201.6749704,139.5819844,104741,18693578,6,Rwanda,Africa,Freshwater,Southern and Eastern,0.00054599,0,0.000250262,0.000551343,0,0,0,0,0,0,0,0,7.00E-12,0,0,3.70E-09,4.39E-10,0,1.42E-10,6.06E-10,0,1.01E-11,0,0,0,0,0,0,0,0,0,0,0,0,0,0,5.37E-12,1.76E-11,3.79E-11,0,3.62E-12,0,6.98E-12,0,0,0,0,1.09E-10,2.12E-10,0,4.14E-10,5.13E-10,0,3.76E-11,0,8.63E-10,0,3.20E-11,0,1.44E-10,3.18E-11,0,1.67E-09,0,0,1.12E-10,0,0,0,2.82E-10,6.26E-11,4.46E-11,0,2.91E-11,0,1.02E-11,0,3.56E-12,0,0,1.51E-11,0,0,0,0,6.74E-12,0,0,7.91E-12,0,2.85E-10,6.06E-10,9.28E-11,0,0,3.45E-10,0,0,9.22E-11,0,1.13E-10,1.25E-11,8.74E-12,0,4.61E-12,0,2.27E-11,0,8.95E-12,0,0,0,0,1.20E-10,0,0,0,0,0,0,0,0,1.71E-10,0,0,0,0,2.94E-11,0,0,0,0,0,6.92E-12,0,2.36E-10,2.35E-10,0,2.92E-11,8.80E-11,3.94E-11,6.68E-12,0,0,0,0,6.86E-12,6.86E-12,0,0,0,0,0,1.37E-11,0,4.56E-11,0,0,0,8.31E-11,0,0,0,0,0,0,0,7.00E-12,8.40E-12,2.28E-10,0,0,1.31E-11,0,0,3.46E-11,2.28E-10,8.54E-12,5.07E-10,5.28E-11,0,0,2.30E-11,3.72E-11,0,5.98E-11,1.23E-11,3.67E-10,8.59E-11,0,0,1.76E-11,0,0,0,0,0,4.37E-11,1.59E-10,3.70E-11,0,0,3.99E-11,1.05E-10,0,5.69E-12,1.95E-10,0,0,1.87E-10,0,1.01E-10,0,1.34E-10,3.76E-11,0,5.24E-11,3.89348031,0.953620903
40,2583.771033,684.6113222,106109,8433780,1,Kenya,Africa,Freshwater,Southern and Eastern,0.002735306,0,7.97E-05,0.002281629,0,4.76E-11,0,0,5.15E-12,0,7.51E-12,2.59E-10,6.02E-10,6.97E-09,2.47E-10,2.83E-08,7.86E-09,1.28E-09,0,1.73E-10,0,0,3.04E-10,0,0,0,0,1.55E-10,1.13E-09,0,0,1.91E-10,0,0,0,0,1.73E-08,1.05E-11,0,1.14E-10,0,5.08E-10,0,4.57E-09,0,0,3.71E-11,0,9.61E-10,3.13E-10,6.30E-10,1.72E-10,0,0,0,9.06E-10,3.51E-10,0,0,2.70E-09,0,0,4.40E-09,0,0,0,0,1.63E-10,0,7.08E-11,0,1.73E-10,0,1.20E-10,2.91E-10,0,0,0,0,0,3.09E-12,0,6.89E-12,3.06E-11,5.94E-12,0,0,0,1.08E-09,0,1.70E-09,7.38E-09,3.90E-09,9.40E-11,2.15E-09,8.15E-11,0,0,0,8.37E-11,0,2.93E-09,0,9.59E-11,0,1.35E-10,3.77E-10,3.52E-11,2.17E-10,0,1.21E-10,7.55E-11,1.95E-11,0,2.25E-08,1.25E-09,6.22E-09,3.58E-08,0,2.34E-10,4.50E-11,0,4.63E-10,0,0,0,0,0,0,0,0,1.44E-11,0,0,0,2.49E-09,0,5.86E-10,1.02E-09,0,6.26E-10,0,0,0,0,0,0,0,0,0,1.58E-10,5.32E-11,0,0,0,1.98E-09,1.46E-10,3.07E-11,0,6.16E-09,0,3.77E-11,0,0,0,0,0,0,0,1.23E-08,0,3.42E-11,4.18E-10,0,0,0,1.36E-09,1.06E-09,3.21E-09,8.01E-11,1.30E-10,1.35E-10,0,0,1.23E-09,1.73E-10,6.84E-09,2.81E-08,3.27E-08,0,0,4.40E-10,1.89E-10,0,0,5.25E-09,0,2.29E-08,5.66E-08,1.14E-11,1.73E-10,0,8.09E-12,0,1.00E-10,4.28E-11,2.85E-09,0,3.71E-08,1.62E-09,3.33E-09,5.22E-09,0,2.32E-08,1.27E-08,1.66E-11,1.52E-09,4.203970439,0.975973446
41,3560.928006,2229.571183,SRR12316794,74634932,1,France,Europe,Estuary,Northern and Eastern,0,0,0,0,0,7.68E-13,0,0,0,0,0,0,7.40E-12,1.62E-11,1.32E-12,1.65E-09,6.07E-11,0,1.08E-11,6.06E-11,0,7.04E-13,0,0,0,0,0,8.11E-13,0,1.94E-12,9.02E-12,0,0,0,0,0,3.22E-12,2.08E-10,8.65E-11,0,0,0,3.74E-12,0,0,1.29E-12,0,3.32E-12,9.56E-12,0,4.92E-10,1.60E-10,0,1.58E-11,2.88E-11,4.07E-10,0,9.31E-12,2.18E-12,1.27E-11,3.58E-11,0,2.07E-09,0,1.94E-12,1.26E-11,7.76E-12,0,0,2.65E-10,1.10E-11,2.81E-12,0,0,0,2.01E-12,0,3.47E-13,0,0,8.25E-12,0,4.14E-11,0,9.54E-11,0,0,0,3.20E-12,0,4.86E-11,6.06E-11,9.76E-12,0,3.14E-12,5.73E-10,0,0,0,1.67E-10,4.32E-11,1.33E-10,4.91E-12,0,1.34E-10,6.09E-12,0,0,4.53E-12,0,5.24E-11,0,0,2.07E-12,1.48E-10,0,0,3.46E-11,9.75E-12,1.85E-12,0,6.10E-13,9.93E-12,0,9.14E-13,5.70E-12,1.70E-11,1.59E-10,0,0,0,3.29E-13,0,0,0,1.92E-11,4.99E-10,0,1.73E-11,3.76E-11,4.19E-11,4.76E-12,0,2.88E-12,0,0,3.63E-11,0,0,0,1.43E-12,0,1.05E-12,4.73E-13,1.77E-12,4.59E-11,0,0,0,2.49E-11,0,0,0,0,0,0,0,0,4.03E-13,3.31E-11,3.17E-13,3.59E-12,1.38E-12,0,0,0,9.71E-12,2.48E-11,8.72E-11,1.01E-10,0,0,0,1.49E-11,2.25E-12,0,3.00E-11,2.69E-10,7.44E-11,0,0,8.65E-12,0,0,1.81E-12,8.39E-12,0,1.88E-11,4.60E-11,2.31E-11,0,3.60E-13,7.10E-13,1.24E-10,0,5.65E-12,1.56E-11,0,3.57E-11,2.63E-10,0,5.14E-12,8.98E-12,8.90E-11,2.32E-11,0,8.00E-11,4.120369936,0.967758048
42,519.4465292,265.7319062,SRR16004848,3687458,1,United States,North America,Estuary,Northern and Western,0.002371441,0,0.000648025,0,0,0,0,0,0,0,4.50E-10,0,4.80E-10,0,2.16E-10,1.71E-08,2.26E-09,0,0,8.82E-10,0,0,0,0,0,0,0,0,0,0,0,0,0,0,0,0,0,9.38E-10,5.35E-10,0,0,0,0,0,0,0,0,0,7.90E-10,0,1.05E-08,2.48E-09,0,0,6.51E-10,1.10E-08,0,0,0,1.87E-10,8.15E-11,0,3.77E-08,0,0,1.13E-10,0,0,0,1.05E-09,0,1.76E-10,0,0,0,8.73E-11,0,0,0,0,5.22E-10,0,8.54E-10,0,1.86E-09,0,0,0,0,0,6.08E-10,8.82E-10,3.29E-10,0,0,7.40E-09,0,0,0,0,1.04E-09,2.01E-10,0,0,1.40E-09,0,6.54E-10,0,0,0,0,0,0,0,1.83E-10,0,0,0,0,0,0,0,2.59E-10,0,0,2.39E-10,0,2.35E-10,0,0,0,0,0,0,0,7.90E-10,8.99E-10,0,3.99E-10,0,8.64E-10,0,0,0,0,0,0,0,0,0,0,0,0,0,0,8.95E-10,0,0,0,1.90E-10,2.66E-10,0,0,0,0,0,0,0,0,4.70E-10,0,0,0,0,0,0,0,0,5.94E-10,4.72E-10,0,0,0,0,0,0,3.89E-10,3.02E-08,7.64E-10,0,0,0,0,0,0,0,0,6.91E-10,4.81E-09,7.73E-11,1.23E-10,0,0,2.25E-10,0,0,3.16E-09,0,0,8.77E-10,0,0,0,0,0,0,0,3.247514102,0.92180037
43,357.5993431,234.3435854,SRR16004849,3521488,1,United States,North America,Estuary,Northern and Western,0,0,0,0,0,0,0,0,0,0,0,0,1.49E-10,0,0,2.23E-08,1.85E-09,0,1.08E-09,6.09E-10,0,0,0,0,0,0,0,0,0,0,0,0,0,0,0,0,0,2.81E-09,9.17E-10,0,0,0,0,0,0,0,0,0,0,0,8.29E-09,1.99E-09,0,0,0,1.74E-08,0,4.40E-10,0,4.02E-10,1.23E-09,0,5.08E-08,0,0,3.40E-10,0,0,0,5.43E-10,6.34E-10,0,0,0,0,0,0,0,0,0,1.47E-10,0,0,0,1.18E-09,0,0,0,1.21E-09,0,0,6.09E-10,0,0,0,1.50E-08,0,0,0,4.99E-10,0,0,0,0,8.85E-10,0,0,0,0,0,0,0,0,1.64E-10,7.30E-09,0,0,0,1.56E-10,0,0,1.65E-10,0,0,0,0,1.06E-10,1.28E-09,0,0,0,0,0,0,0,0,8.27E-10,0,4.31E-10,0,1.48E-09,0,0,0,0,0,0,0,0,0,0,0,0,0,0,4.86E-10,0,0,0,0,0,0,0,0,0,0,0,0,0,0,0,0,0,0,0,0,0,1.17E-10,3.31E-10,1.50E-10,0,0,0,0,0,0,0,4.57E-08,2.09E-09,0,0,0,0,0,0,0,0,3.42E-10,3.00E-10,0,0,0,0,0,0,0,2.87E-09,0,0,9.70E-11,0,0,0,2.87E-10,0,0,0,3.000196788,0.904343633
44,340.2694901,171.8140964,SRR16004854,2203302,1,United States,North America,Estuary,Northern and Western,0,0,0,0,0,0,0,0,0,0,0,0,2.49E-10,0,0,1.59E-08,1.10E-09,0,2.05E-09,1.85E-09,0,0,0,0,0,0,0,0,0,0,0,0,0,0,0,0,0,2.03E-09,0,0,0,0,0,0,0,0,0,0,2.64E-09,0,2.77E-09,5.51E-10,0,0,0,1.32E-08,0,0,0,5.88E-10,0,0,1.33E-08,0,0,0,0,0,0,1.27E-09,0,0,0,0,0,2.14E-10,0,0,0,0,0,0,1.28E-09,0,2.90E-09,0,0,0,0,0,2.41E-09,1.85E-09,0,0,0,1.24E-08,0,0,0,2.90E-09,0,0,0,0,0,0,0,0,0,0,9.67E-10,0,0,0,5.64E-09,0,0,0,0,0,0,5.20E-10,1.78E-09,0,0,0,0,2.03E-09,0,0,0,0,0,0,0,2.64E-09,1.96E-10,0,0,0,4.51E-10,0,0,0,0,0,2.24E-10,0,0,0,0,0,0,0,0,1.41E-09,0,0,0,3.00E-10,0,0,0,0,0,0,0,0,0,0,0,0,0,0,0,0,0,0,6.51E-10,2.49E-10,0,0,0,0,0,0,3.28E-09,2.47E-08,0,0,0,0,0,0,0,0,0,0,2.17E-09,0,0,0,0,0,0,0,3.21E-09,0,0,0,0,0,0,0,0,0,0,3.186407845,0.928684919
45,354.9125966,178.6565446,SRR16004865,3504516,1,United States,North America,Estuary,Northern and Western,0,0,0.001257446,0,0,0,0,0,0,0,0,0,1.53E-10,0,0,1.14E-08,2.87E-10,0,0,3.33E-09,0,0,0,0,0,0,0,0,0,0,0,0,0,0,0,0,0,3.77E-09,0,0,0,0,2.50E-10,0,0,0,0,0,2.80E-09,0,7.35E-09,7.45E-10,0,0,5.14E-10,9.53E-09,0,0,0,0,4.75E-10,0,5.65E-08,0,0,1.03E-09,0,0,0,1.22E-09,3.48E-10,0,0,0,0,0,0,0,0,0,0,0,2.06E-10,0,1.11E-09,0,0,0,0,0,1.19E-09,3.33E-09,0,0,0,1.31E-08,0,0,2.98E-10,0,0,5.26E-10,0,5.32E-10,2.17E-10,0,0,0,0,0,0,0,0,0,3.21E-10,0,0,0,0,0,0,6.27E-10,1.75E-09,0,0,0,0,6.08E-10,0,0,0,0,0,0,0,2.80E-09,1.05E-09,0,1.22E-10,0,0,0,0,0,0,0,1.17E-10,0,0,0,0,0,1.40E-10,0,0,6.57E-10,0,0,0,0,0,0,0,0,0,0,0,0,0,3.29E-10,0,0,0,0,0,0,0,1.84E-10,1.19E-09,6.31E-10,0,0,0,0,0,0,7.17E-10,1.60E-08,2.46E-09,0,0,0,0,0,0,0,0,1.89E-09,1.51E-09,2.79E-10,6.17E-11,0,0,2.90E-10,0,0,3.25E-09,0,0,1.78E-10,0,0,0,3.12E-10,5.94E-10,0,0,3.278995068,0.931155942
46,471.4537581,283.218007,SRR16004874,4139842,1,United States,North America,Estuary,Northern and Western,0,0,0,0.001056923,0,0,0,0,0,0,1.26E-10,0,1.78E-10,0,6.61E-10,1.34E-08,7.03E-10,0,1.06E-09,6.15E-10,0,0,0,0,0,0,0,0,0,0,0,0,0,0,0,0,0,1.50E-09,4.23E-10,0,0,0,0,0,0,1.39E-10,0,1.62E-10,4.04E-10,0,3.34E-09,6.55E-10,0,0,0,6.16E-09,0,0,0,0,0,0,1.44E-08,0,0,0,0,0,0,1.12E-10,0,0,0,0,0,0,0,0,0,0,0,0,9.25E-10,0,5.39E-10,0,0,0,0,0,0,6.15E-10,0,0,0,6.90E-09,0,0,0,7.09E-10,0,0,0,0,2.78E-10,0,1.88E-10,0,0,0,5.30E-10,0,0,0,1.33E-09,0,0,1.98E-10,0,0,0,5.41E-10,2.38E-10,0,0,0,7.05E-11,7.74E-10,0,0,0,5.94E-11,0,0,0,4.04E-10,5.43E-10,0,9.24E-10,6.83E-11,2.51E-10,0,0,0,0,0,0,0,0,0,6.13E-11,0,0,0,0,5.75E-10,0,0,0,0,0,0,0,0,0,0,0,0,0,1.89E-10,8.59E-11,0,5.38E-11,0,0,0,0,0,5.86E-10,4.42E-10,0,0,0,0,0,0,1.20E-09,5.27E-09,6.83E-10,0,0,0,0,0,0,0,0,1.04E-09,0,9.44E-11,0,0,4.35E-10,0,0,0,5.62E-10,0,2.25E-10,2.07E-10,0,0,0,0,0,0,0,3.545559179,0.947553388
47,451.1473257,249.2884507,SRR16004879,3997054,1,United States,North America,Estuary,Northern and Western,0.000745577,0,0,0,0,0,0,0,0,0,0,0,1.04E-10,0,0,1.03E-08,4.58E-10,0,2.91E-10,1.08E-09,0,0,0,0,0,0,0,0,0,0,0,0,0,0,0,0,0,1.02E-09,4.12E-10,0,0,0,0,0,0,0,0,0,0,0,6.91E-09,1.60E-09,0,0,1.42E-09,8.25E-09,0,0,0,7.90E-11,1.61E-10,0,2.30E-08,0,0,0,0,0,0,1.16E-09,3.78E-11,8.29E-11,0,2.50E-10,0,0,0,0,0,0,0,0,2.26E-10,0,1.31E-09,0,0,0,0,0,1.16E-09,1.08E-09,0,0,0,1.05E-08,0,0,0,1.29E-09,4.63E-10,3.00E-10,0,0,5.70E-10,0,0,0,0,0,5.28E-10,0,0,0,1.97E-10,0,0,0,0,0,0,1.67E-10,2.09E-10,0,0,0,0,3.45E-10,0,0,0,1.20E-10,0,0,0,0,1.00E-09,0,0,3.67E-10,5.09E-10,0,0,0,0,0,2.83E-10,0,0,0,0,0,0,0,0,8.34E-10,0,0,0,1.41E-10,0,0,0,0,0,0,0,0,0,0,0,2.59E-10,0,0,0,0,0,1.64E-10,4.14E-10,1.73E-10,0,0,0,0,0,0,1.36E-09,1.29E-08,1.08E-09,0,0,0,0,0,0,0,0,4.16E-10,1.49E-09,1.99E-10,0,0,0,1.10E-10,0,0,1.79E-09,0,0,1.21E-10,0,4.03E-10,0,1.24E-09,0,0,0,3.513802334,0.943605539
48,668.3483268,373.9667956,SRR16004890,5652636,1,United States,North America,Estuary,Northern and Western,0.000324063,0,0,0.016277185,0,0,0,0,0,0,0,0,3.13E-11,0,0,2.48E-08,1.31E-09,0,2.07E-09,3.80E-09,0,0,0,0,0,0,0,0,0,0,0,0,0,0,0,0,0,2.83E-08,1.64E-10,3.00E-10,0,0,0,0,0,0,0,0,7.30E-10,0,1.78E-08,1.55E-09,0,0,9.65E-10,1.81E-08,0,0,3.58E-09,1.50E-10,3.90E-09,1.43E-10,2.12E-08,0,0,2.55E-09,0,0,0,1.28E-09,4.35E-11,1.80E-10,0,0,0,7.22E-11,0,0,0,0,0,0,2.69E-10,0,2.99E-10,0,1.65E-09,0,8.79E-11,0,1.60E-10,4.14E-09,2.20E-10,0,0,1.02E-08,0,0,7.44E-11,1.27E-09,3.08E-10,1.43E-10,0,0,7.62E-09,0,0,0,0,0,0,3.40E-10,0,0,1.19E-08,0,0,1.36E-10,0,0,0,0,4.51E-10,0,0,1.74E-10,9.11E-10,2.76E-10,0,0,1.80E-10,0,0,0,0,7.30E-10,4.85E-10,0,4.27E-10,1.05E-10,9.76E-10,0,0,0,0,0,1.52E-10,0,0,0,1.06E-10,0,5.72E-11,0,0,1.63E-09,0,0,0,1.21E-10,0,0,0,0,0,0,7.04E-11,4.03E-11,7.12E-11,5.42E-10,0,0,0,0,0,4.83E-10,2.41E-10,0,4.16E-09,2.84E-10,6.73E-10,0,0,0,0,0,1.33E-09,3.97E-08,1.85E-10,0,0,1.51E-10,0,0,0,6.39E-10,0,4.89E-10,2.17E-09,2.77E-10,0,0,0,0,0,0,4.43E-09,0,0,0,0,0,0,2.26E-10,6.19E-10,0,0,3.812291182,0.952174775
49,445.7310419,250.5425371,SRR16004919,3640686,1,United States,North America,Estuary,Northern and Western,0,0,0,0,0,0,0,0,0,0,0,0,3.80E-10,0,0,5.03E-09,4.44E-10,0,0,3.18E-09,0,0,0,0,0,0,0,0,0,0,0,0,0,0,0,0,0,3.65E-09,4.19E-10,0,0,0,0,0,0,0,0,0,0,0,4.25E-09,6.58E-10,0,0,0,6.57E-09,0,0,0,0,3.37E-10,8.50E-10,1.20E-08,0,0,0,0,0,0,6.49E-10,0,0,0,0,0,0,0,0,0,0,0,0,1.23E-09,0,1.43E-09,0,0,0,4.74E-10,0,2.27E-09,3.18E-09,0,0,0,1.10E-08,0,0,0,1.79E-09,0,0,0,0,1.82E-10,0,0,0,0,0,0,0,0,0,3.48E-09,0,0,0,0,0,0,0,3.48E-10,0,0,0,0,1.06E-09,0,0,0,0,0,0,0,3.35E-10,3.23E-10,0,1.64E-10,0,5.90E-10,0,0,0,0,0,0,0,0,0,0,0,0,0,0,9.17E-10,0,0,0,0,0,0,0,0,0,0,0,0,0,0,0,0,0,0,0,0,0,0,1.78E-10,3.44E-10,0,0,0,0,0,0,6.61E-10,3.94E-09,1.35E-09,0,0,0,0,0,0,0,0,4.17E-10,8.22E-10,3.65E-10,0,0,0,1.90E-10,0,1.60E-10,1.33E-09,0,0,0,0,0,0,0,0,0,0,3.397658679,0.943490543
50,335.8851266,157.7755379,SRR16004920,2504842,1,United States,North America,Estuary,Northern and Western,0,0,0,0,0,0,0,0,0,0,0,0,0,0,0,1.60E-08,5.91E-09,0,3.17E-09,0,0,0,0,0,0,0,0,0,0,0,0,0,0,0,0,0,0,1.38E-09,9.07E-10,0,0,0,0,0,0,0,0,0,1.97E-09,0,4.88E-09,1.23E-09,0,0,0,1.72E-08,0,2.44E-10,0,2.64E-10,0,0,1.34E-08,0,0,1.75E-10,0,0,0,1.13E-09,3.39E-10,0,0,0,0,0,0,0,0,0,0,0,3.83E-10,0,5.92E-10,0,1.05E-09,0,0,0,1.42E-09,0,0,0,0,1.17E-08,0,0,4.67E-10,2.37E-09,8.36E-10,0,0,0,9.61E-10,0,0,0,0,0,0,0,0,6.56E-10,0,0,0,0,0,0,0,5.51E-10,1.30E-09,0,0,0,0,9.75E-10,0,0,0,0,0,0,0,1.97E-09,2.65E-10,0,2.83E-10,0,9.96E-10,2.11E-10,0,0,0,0,0,0,0,0,0,0,0,0,0,8.53E-10,0,0,0,3.02E-10,0,0,0,0,0,0,0,0,0,1.27E-09,0,0,0,0,0,0,0,1.39E-10,8.82E-11,1.07E-09,0,0,0,0,0,0,0,1.92E-08,0,0,0,3.21E-10,0,0,0,0,0,6.00E-10,0,2.02E-10,0,0,0,0,0,0,3.26E-09,0,0,0,0,0,0,6.12E-10,1.14E-09,0,0,3.090346269,0.924290583
51,963.918449,567.8321283,SRR16004921,5889328,1,United States,North America,Estuary,Northern and Western,0.000849652,0,0.00057607,0,0,0,0,0,0,0,0,0,9.47E-11,0,0,1.28E-08,2.37E-10,2.49E-10,1.68E-10,8.69E-10,0,0,0,0,0,0,0,1.52E-10,0,0,0,0,0,0,0,0,0,6.40E-10,5.06E-10,0,0,0,0,0,0,0,0,0,3.21E-10,0,5.50E-09,7.63E-10,0,0,0,1.19E-08,0,0,0,0,1.07E-10,0,1.53E-08,0,0,7.41E-11,0,0,0,2.07E-10,1.30E-10,6.68E-11,0,0,0,2.07E-10,0,0,0,0,0,0,4.93E-11,0,2.72E-10,0,0,0,7.58E-11,0,2.48E-10,8.69E-10,0,0,0,8.83E-09,0,0,7.13E-11,0,0,0,0,0,8.20E-11,4.73E-11,3.16E-10,0,8.40E-11,0,2.46E-10,0,0,0,5.54E-10,0,0,6.89E-10,6.69E-11,0,0,4.97E-11,0,0,0,0,0,8.18E-11,0,0,0,0,0,0,0,3.21E-10,6.83E-10,0,2.48E-10,0,1.05E-09,0,0,0,0,0,0,0,0,0,5.48E-11,0,3.38E-11,0,3.38E-11,2.31E-10,0,0,0,2.95E-10,0,0,0,0,0,0,0,0,0,0,0,0,0,0,0,0,4.58E-10,0,7.66E-10,2.48E-10,0,3.11E-10,0,0,4.10E-11,1.44E-10,3.87E-10,3.81E-08,1.06E-09,0,0,3.20E-10,0,0,0,0,0,2.97E-10,2.40E-10,7.01E-11,0,0,0,2.93E-11,0,0,3.73E-09,0,5.13E-11,0,0,3.10E-10,0,3.10E-10,0,0,0,2.79312314,0.852943648
52,351.1190916,231.640267,SRR16004922,3179362,1,United States,North America,Estuary,Northern and Western,0,0,0,0,0,0,0,0,0,0,0,0,1.68E-10,0,0,1.11E-08,4.91E-10,0,8.78E-10,0,0,5.49E-11,0,0,0,0,0,0,0,0,0,0,0,0,0,0,0,3.41E-09,0,0,0,0,0,0,0,0,0,0,0,0,5.74E-09,1.93E-09,0,0,1.17E-09,8.08E-09,0,0,0,0,9.29E-10,0,7.07E-09,0,0,3.48E-10,0,0,0,1.18E-09,0,0,0,0,0,0,0,0,0,0,0,0,0,0,5.14E-10,0,0,0,2.53E-09,0,0,0,0,0,0,2.08E-08,0,0,0,1.17E-09,8.88E-10,0,0,0,3.71E-09,0,0,0,0,0,1.05E-09,0,0,0,8.43E-10,0,0,0,0,0,0,1.04E-09,0,0,0,0,0,6.53E-10,0,0,0,0,0,0,0,0,1.01E-09,0,3.88E-10,1.07E-09,6.15E-10,0,0,0,0,0,0,0,0,0,2.04E-10,0,0,0,0,1.60E-09,0,0,0,0,0,0,0,0,0,0,0,0,0,0,0,0,0,0,0,0,0,1.36E-10,4.29E-10,9.24E-10,0,0,0,0,0,0,2.55E-09,6.89E-09,1.81E-09,0,0,0,0,0,0,0,0,0,2.22E-09,0,0,0,0,2.76E-10,0,0,7.03E-10,0,0,8.02E-10,0,0,0,2.61E-10,2.04E-09,0,0,3.334450964,0.926907727
53,973.4360981,1731.924896,SRR24270823,41495274,1,China,Asia,Estuary,Northern and Eastern,0,0,0.003241859,0,0,0,0,0,0,0,0,0,1.68E-10,0,0,1.27E-08,7.32E-10,0,0,7.07E-10,0,6.97E-12,0,0,0,0,0,0,0,0,0,0,0,0,0,0,0,8.66E-11,1.11E-09,0,1.32E-12,0,0,0,0,0,0,1.02E-10,5.12E-10,0,3.27E-09,2.44E-09,0,0,0,8.55E-09,0,0,8.07E-11,0,5.11E-11,0,4.19E-09,0,0,1.86E-10,0,0,0,4.25E-10,3.77E-11,1.15E-10,8.09E-11,9.53E-12,0,2.08E-10,0,1.19E-11,0,0,0,5.49E-11,2.12E-10,0,2.93E-10,0,0,0,1.12E-10,0,4.55E-09,7.07E-10,4.22E-11,0,0,2.80E-09,0,0,3.67E-11,6.96E-10,0,4.23E-10,4.50E-11,0,2.34E-11,0,0,0,2.98E-11,0,3.22E-10,0,0,0,3.04E-11,0,0,0,0,0,0,0,7.49E-11,0,0,0,0,1.46E-11,0,0,0,0,0,0,0,4.96E-10,1.86E-09,0,5.02E-11,9.58E-11,2.18E-11,1.13E-11,0,0,0,0,1.15E-11,2.28E-12,0,7.13E-12,1.63E-11,0,0,1.80E-12,0,4.89E-11,0,0,0,7.27E-12,0,0,0,0,0,2.36E-12,0,7.62E-11,0,6.36E-10,2.39E-12,0,0,0,0,0,5.35E-10,3.14E-10,4.31E-10,1.83E-11,0,0,1.22E-11,0,0,7.14E-11,0,1.51E-09,0,0,0,2.39E-11,0,0,0,0,0,4.29E-12,1.86E-10,9.87E-12,0,0,6.95E-11,8.98E-11,0,0,1.49E-09,0,0,4.61E-10,0,6.56E-11,0,3.45E-11,0,0,0,3.295867026,0.927963067
54,2504.29775,2257.625623,SRR24270824,55121638,1,China,Asia,Estuary,Northern and Eastern,3.37E-05,0,0.000207429,0,0,0,0,0,0,0,0,0,3.11E-11,0,0,1.70E-09,2.13E-10,0,0,4.61E-10,0,0,0,0,0,0,0,0,0,0,0,0,0,0,0,0,0,1.29E-11,2.98E-10,0,0,0,0,0,0,5.27E-12,0,3.83E-12,4.67E-11,0,5.87E-10,1.11E-09,0,0,0,1.67E-09,0,1.34E-11,0,0,4.72E-12,0,3.06E-10,0,0,5.34E-11,0,0,0,1.83E-10,3.58E-11,4.75E-12,0,3.09E-11,0,1.27E-12,0,0,0,9.59E-12,0,2.71E-12,7.93E-11,0,2.56E-10,0,0,0,3.35E-11,0,8.22E-10,4.61E-10,3.99E-12,0,0,4.62E-10,0,0,7.98E-12,0,0,2.52E-10,0,0,3.01E-12,0,0,0,0,0,9.61E-11,0,0,0,0,0,0,0,0,3.57E-12,0,7.16E-11,1.67E-11,0,0,0,0,1.53E-11,0,0,0,0,0,0,0,4.95E-11,1.39E-10,0,0,2.04E-11,0,1.51E-11,0,0,0,0,0,0,0,2.78E-12,0,0,6.72E-13,1.42E-11,0,6.88E-13,0,0,0,2.57E-12,3.97E-12,0,0,0,0,0,0,6.74E-13,0,1.66E-10,0,0,9.33E-12,0,0,0,4.14E-11,1.20E-11,1.15E-10,2.58E-12,0,0,2.50E-12,1.87E-11,0,8.29E-12,3.07E-11,5.99E-12,1.16E-10,0,0,6.53E-12,0,0,0,0,0,0,2.91E-10,0,0,0,3.33E-12,2.90E-11,0,0,2.60E-10,0,0,9.13E-13,0,3.54E-11,0,2.16E-12,9.73E-11,0,0,3.161785392,0.903945807
55,1129.598429,1185.321655,SRR24270825,22562450,1,China,Asia,Estuary,Northern and Eastern,0.000790586,0,0.000328341,0,0,0,0,0,0,0,0,0,3.30E-11,0,0,3.74E-09,5.35E-10,0,0,3.53E-10,0,0,0,0,0,0,0,0,0,0,0,0,0,0,0,0,0,1.38E-10,9.22E-11,0,0,0,0,0,0,0,0,0,3.99E-11,0,1.65E-10,5.32E-10,0,0,0,4.25E-10,0,6.33E-11,0,0,0,0,1.73E-09,0,3.63E-12,1.06E-10,0,0,0,1.90E-10,3.03E-12,1.84E-11,0,0,0,4.46E-11,0,0,0,0,0,0,0,0,3.81E-11,0,0,0,0,0,3.01E-10,3.53E-10,1.45E-11,0,0,4.52E-10,0,0,0,0,0,0,0,0,9.12E-12,0,0,0,0,0,0,0,0,0,0,0,0,0,0,0,0,0,0,0,0,0,0,0,0,0,0,0,0,0,0,3.99E-11,1.09E-10,0,0,7.17E-12,0,0,0,0,0,0,0,0,1.10E-11,0,3.56E-12,0,1.35E-11,0,0,1.34E-11,0,0,0,1.37E-11,0,0,0,0,0,0,0,0,0,1.29E-11,0,0,0,0,0,0,8.66E-12,0,3.52E-10,0,0,0,0,7.08E-11,0,3.17E-11,1.52E-11,2.79E-11,0,0,0,0,0,0,0,0,0,1.78E-11,7.76E-11,0,0,1.83E-11,0,1.17E-11,0,0,9.48E-11,0,0,6.75E-12,0,0,0,1.94E-11,0,0,0,2.890342524,0.872446987
56,1860.304234,2071.956877,SRR24270829,37236388,1,China,Asia,Estuary,Northern and Eastern,0,0,2.55E-05,0,0,0,0,0,0,0,0,0,1.35E-11,0,0,1.92E-09,8.25E-10,0,0,1.75E-10,0,0,0,0,0,0,0,0,0,0,0,0,0,0,0,0,0,3.71E-11,0,0,0,0,0,0,0,0,0,5.46E-12,4.69E-11,0,1.21E-11,1.60E-10,0,0,0,1.41E-11,0,2.51E-11,0,0,0,0,9.58E-10,0,0,1.11E-10,0,0,0,7.70E-11,4.62E-12,3.82E-12,2.35E-12,1.19E-11,0,0,0,0,0,0,0,0,4.36E-11,0,3.91E-11,0,0,0,0,0,1.02E-11,1.75E-10,9.92E-12,0,0,1.08E-10,0,0,0,0,0,0,0,0,1.58E-11,0,0,0,1.73E-11,0,0,0,0,1.60E-12,0,0,0,0,0,0,0,0,1.95E-11,0,0,0,0,0,0,0,0,0,0,0,0,4.69E-11,5.21E-11,0,0,0,0,0,0,0,0,0,0,0,1.32E-12,1.38E-12,0,0,0,0,0,9.62E-11,0,0,0,2.26E-11,0,0,0,0,0,0,0,1.26E-12,0,0,0,0,0,0,0,0,1.62E-10,1.67E-11,1.74E-10,0,0,0,1.11E-11,1.49E-10,0,1.20E-11,2.33E-11,2.35E-11,0,0,0,5.79E-12,0,0,0,0,0,0,2.00E-11,0,0,0,1.63E-11,0,0,0,3.92E-10,0,0,4.23E-12,0,1.48E-11,0,2.27E-12,0,0,0,2.666779556,0.822478305
57,615.1124051,1011.008123,SRR24270838,21434280,1,China,Asia,Estuary,Northern and Eastern,0,0,0.001633689,0,0,0,0,0,0,0,0,0,1.60E-10,0,0,1.51E-08,1.13E-09,0,0,7.86E-10,0,3.50E-11,0,0,0,0,0,0,0,0,0,0,0,0,0,0,0,2.48E-11,2.34E-09,0,0,0,0,0,0,0,0,4.63E-11,6.33E-10,0,5.43E-09,4.14E-09,0,0,0,1.08E-08,0,7.12E-12,0,0,2.00E-10,0,4.32E-09,0,0,1.81E-11,0,0,0,5.58E-10,3.61E-11,7.14E-11,9.88E-11,1.85E-10,0,2.77E-10,0,0,0,0,0,6.52E-11,9.57E-11,0,3.47E-10,0,0,0,2.04E-10,0,9.51E-09,7.86E-10,5.60E-11,0,0,3.73E-09,0,0,2.06E-10,1.19E-09,0,4.78E-10,0,0,0,0,0,0,0,0,3.27E-10,0,0,2.67E-11,0,0,0,0,0,0,0,0,2.35E-10,0,0,0,0,1.28E-11,0,0,0,0,0,0,0,6.27E-10,3.27E-09,0,9.94E-11,4.64E-10,1.37E-10,2.60E-11,0,0,0,0,0,6.84E-12,0,0,3.02E-11,0,1.40E-11,2.53E-11,0,0,0,0,0,0,0,0,0,0,0,0,0,0,0,1.52E-09,0,0,0,0,0,0,5.62E-10,3.36E-10,1.02E-09,0,0,0,6.49E-11,0,0,8.84E-11,0,3.26E-09,0,0,0,1.27E-11,0,0,0,0,0,0,6.68E-10,0,0,0,6.33E-12,9.30E-11,0,0,1.68E-09,0,0,0,0,0,0,5.79E-12,0,0,0,3.11788011,0.922252454
